id,domain,status,purchase_price,renewal_price,attractiveness,demand,length,registrar,created_at,expires_at,status_verified_at
b70321ee-1d49-4154-a699-16ab9e10b632,finance.financial,resell,,,high,medium,7,"NameCheap, Inc.",13/02/2025 18:15,13/02/2027 18:15,08/10/2026 04:46
e634e253-638d-489a-89de-eb557bd55de1,finance.loans,resell,,,high,medium,7,"GoDaddy.com, LLC",05/09/2015 22:00,05/09/2027 22:00,08/10/2026 04:46
ba4ecc81-16f5-4988-84cf-9319aa66e782,finance.loan,premium,5175.2,103.7,high,medium,7,spaceship,,,08/10/2026 04:46
219200e8-45a7-4e6f-9e3d-5b1fc5ad6e14,finance.sarl,premium,78.54,78.54,high,medium,7,namesilo,,,08/10/2026 04:46
4a620568-d53a-4760-ad27-c996cb127662,finance.accountant,premium,640,77.35,high,medium,7,namesilo,,,08/10/2026 04:46
3f51797b-5ed7-4cec-8ae4-7ca1cff28d5e,finance.ltd,resell,,,high,medium,7,"Sav.com, LLC - 15",17/09/2026 15:15,17/09/2027 15:15,08/10/2026 04:46
768445c3-c857-41c1-bce1-72bd27cd42cd,finance.trading,premium,1035.2,1035.2,high,medium,7,spaceship,,,08/10/2026 04:46
07f127b6-24f9-4ce7-927d-672a3e9b1e2a,finance.investments,premium,512,512,high,medium,7,namesilo,,,08/10/2026 04:46
6993e263-28d6-4743-b0e5-eea6cfa728a1,finance.cfd,premium,310.7,621.2,high,medium,7,spaceship,,,08/10/2026 04:46
9ff13346-dd4f-4330-b5ca-899b041d78b6,finance.business,premium,,,high,medium,7,"GoDaddy.com, LLC",30/03/2015 19:44,30/03/2027 19:44,08/10/2026 04:46
c7fe5810-1489-4638-a82f-df3f84d58b87,finance.forex,premium,1000.5,1300,high,medium,7,unstoppable,,,08/10/2026 04:46
0ae6f092-010c-40a1-b587-a49b0a639a11,finance.fund,resell,,,high,medium,7,"DNSPod, Inc.",20/11/2023 15:15,20/11/2027 15:15,08/10/2026 04:46
d0d37ecc-10fb-48b3-b426-8a38aa2b368e,finance.gratis,available,27.98,35.48,high,medium,7,namecheap,,,08/10/2026 04:46
a3de927b-b54d-4a6a-a035-2efc75ab232d,finance.maison,available,60.98,69.98,high,medium,7,namecheap,,,08/10/2026 04:46
b854ed9c-b1d1-4054-98af-0fd3d50f9686,finance.apartments,available,44.2,44.2,high,medium,7,cloudflare,,,08/10/2026 04:46
07549362-7352-4cbd-9009-6a00aacb2ce9,finance.online,premium,34500,34500,high,medium,7,namesilo,,,08/10/2026 04:46
e933f997-2e7b-433c-b93d-84a992ff4e7a,finance.immo,premium,102.67,102.67,high,medium,7,spaceship,,,08/10/2026 04:46
cec474ab-d57b-4bdb-8f71-c6ebf4c869d1,finance.accountants,premium,512,512,high,medium,7,namesilo,,,08/10/2026 04:46
6a95c957-5814-443d-8366-6bc8b54eca96,finance.tax,resell,,,high,medium,7,"Spaceship, Inc.",04/06/2026 17:54,04/06/2027 17:54,08/10/2026 04:46
01413260-c0ef-4ac8-9aa0-c2cc5a288ee4,finance.tours,resell,,,high,medium,7,"Global Domains International, Inc. DBA DomainCostClub.com",09/06/2026 15:15,09/06/2027 15:15,08/10/2026 04:46
c630651d-4648-46ae-8b47-64fe0c3cce80,finance.credit,resell,,,high,medium,7,"GoDaddy.com, LLC",04/09/2015 22:32,04/09/2027 22:32,08/10/2026 04:46
297e3d7f-79c7-4fc3-bff9-7efaf5184199,finance.moi,premium,960,960,high,medium,7,namesilo,,,08/10/2026 04:46
b7dec3de-d733-4ac1-b519-4fe253f9d212,finance.lifestyle,premium,1449.2,2070.2,high,medium,7,spaceship,,,08/10/2026 04:46
198cc749-761f-49ed-a4aa-6bf26bbc8444,finance.eco,premium,7762.7,59.71,high,medium,7,spaceship,,,08/10/2026 04:46
ebb8a5ce-b2a9-4493-9a53-41d56f9d17c7,finance.schule,available,10.92,26.97,high,medium,7,dynadot,,,08/10/2026 04:46
25b97fb5-7c0e-4553-a9f0-9fc2582d096f,finance.gay,premium,2070.2,2070.2,high,medium,7,spaceship,,,08/10/2026 04:46
5e6953fd-d714-4dd4-884b-64a57ff08b8c,finance.care,premium,207.2,414.2,high,medium,7,spaceship,,,08/10/2026 04:46
7fe4a309-7b23-42d4-82c4-db2ee4469f7b,finance.page,premium,1278.72,1278.72,high,medium,7,namesilo,,,08/10/2026 04:46
52fac766-e05c-4a47-ab9f-d75d569329b9,finance.show,resell,,,high,medium,7,"Xiamen ChinaSource Internet Service Co., Ltd",14/10/2024 15:15,14/10/2027 15:15,08/10/2026 04:46
e2c79191-b956-46be-b524-b9c7990da9e5,finance.villas,premium,414.2,414.2,high,medium,7,spaceship,,,08/10/2026 04:46
351652d7-c10b-4dcc-bd42-9b330ec3fdae,finance.town,resell,,,high,medium,7,Edomains LLC,12/02/2023 17:01,12/02/2027 17:01,08/10/2026 04:46
d95ae229-55fc-4af5-ae4a-270d27514257,finance.estate,resell,,,high,medium,7,"GoDaddy.com, LLC",02/10/2025 14:48,02/10/2027 14:48,08/10/2026 04:46
9193cc18-4be3-4206-8dd4-999bbbcf8c43,finance.xxx,resell,,,high,medium,7,"GoDaddy.com, LLC",12/06/2026 14:10,12/06/2027 14:10,08/10/2026 04:46
5128cee9-f21b-40d2-8184-e915b4b981c2,finance.audio,available,214.99,214.99,high,medium,7,godaddy,,,08/10/2026 04:46
057c8f57-5a79-43f6-829b-dad137b97852,finance.flights,premium,118.8,118.8,high,medium,7,namesilo,,,08/10/2026 04:46
4f887848-7fec-4157-9b81-ef8c06708001,finance.wine,resell,,,high,medium,7,"GoDaddy.com, LLC",25/08/2024 17:00,25/08/2027 17:00,08/10/2026 04:46
11a86761-6a9b-4593-9e87-b48ca6373676,finance.agency,resell,,,high,medium,7,Dynadot Inc,18/09/2026 17:00,18/09/2027 17:00,08/10/2026 04:46
70419eab-c94c-4cac-b993-4e777962ceb6,finance.ooo,resell,,,high,medium,7,Squarespace Domains II LLC,14/02/2020 14:51,14/02/2032 23:59,08/10/2026 04:46
c4e9a620-786b-452e-926f-39f669efdadc,finance.love,premium,8280,8280,high,medium,7,namesilo,,,08/10/2026 04:46
873e2743-25b7-4a15-ba48-e1c22a093974,finance.hockey,available,61,59.99,high,medium,7,unstoppable,,,08/10/2026 04:46
33290839-728c-4d3d-95a0-76f304accb9b,finance.art,premium,1662.5,83.3,high,medium,7,namesilo,,,08/10/2026 04:46
788db79e-3e59-485c-93f4-9e9bbddc8c99,finance.courses,premium,6900,6900,high,medium,7,namesilo,,,08/10/2026 04:46
7377e48c-9ab3-498a-95e9-cc6eda222c15,finance.hot,premium,640,640,high,medium,7,namesilo,,,08/10/2026 04:46
fb2a18ae-0a50-4689-908d-b7f342f24c7f,finance.productions,premium,218.8,437.19,high,medium,7,porkbun,,,08/10/2026 04:46
9ecf8adf-6594-4d9f-a352-cae11376e0a3,finance.contractors,premium,38.94,38.94,high,medium,7,namesilo,,,08/10/2026 04:46
63c279a0-618d-4a06-ab65-e6db97178263,finance.sexy,available,2587.7,2587.7,high,medium,7,spaceship,,,08/10/2026 04:46
38e9b478-ae38-45fc-8ea4-3be36837d5c6,finance.beer,resell,,,high,medium,7,"Chengdu West Dimension Digital Technology Co., Ltd.",17/07/2026 00:58,17/07/2027 00:58,08/10/2026 04:46
779e1e4f-1832-4463-b951-00f0500637e9,finance.markets,premium,2500.5,2729.67,high,medium,7,unstoppable,,,08/10/2026 04:46
0168e33c-7efe-45b9-945c-5ac9d0f2228d,finance.mba,premium,242,242,high,medium,7,namesilo,,,08/10/2026 04:46
23d2f1a5-ecb7-4694-a1eb-68dbfc411a58,finance.recipes,resell,,,high,medium,7,"Spaceship, Inc.",28/12/2025 12:20,28/12/2026 12:20,08/10/2026 04:46
833a2827-6d94-47ec-8fd1-c549203ae857,finance.college,premium,13800,13800,high,medium,7,namesilo,,,08/10/2026 04:46
f7291c6d-dac0-445b-a44c-2aa9c320eac5,finance.cards,premium,440,440,high,medium,7,dynadot,,,08/10/2026 04:46
68f009aa-aa32-4bd9-8477-7eb098b0ae86,finance.football,available,20.9,20.9,high,medium,7,spaceship,,,08/10/2026 04:46
f961fe14-e5b4-45e5-8e84-6ae6bded2a49,finance.solar,resell,,,high,medium,7,Dynadot Inc,23/02/2025 11:45,23/02/2027 11:45,08/10/2026 04:46
62bdf151-7da9-4f96-9a7c-b94d1cd48355,finance.tienda,available,5.57,49.44,high,medium,7,dynadot,,,08/10/2026 04:46
afa7bc92-7435-4492-bec2-a688e7300bc0,finance.bz,resell,,,high,medium,7,Dynadot Inc,27/07/2013 07:31,27/07/2027 07:31,08/10/2026 04:46
e6f07e80-dfad-452e-9d78-ef32595b1dc1,finance.toys,resell,,,high,medium,7,Dynadot Inc,25/01/2026 17:00,25/01/2027 17:00,08/10/2026 04:46
a3467462-7ecd-4e79-b155-b11051474ea6,finance.tennis,available,129.99,129.99,high,medium,7,godaddy,,,08/10/2026 04:46
ee2eb090-bb00-4418-aa4a-c6311007661c,finance.site,premium,13800,13800,high,medium,7,namesilo,,,08/10/2026 04:46
591276dc-e6eb-4c06-90f4-c3f542761e6d,finance.pet,premium,3250,3250,high,medium,7,namecheap,,,08/10/2026 04:46
14b8a461-3dcd-4556-9c5f-06d0fbaa4b52,finance.cc,resell,,,high,medium,7,"GoDaddy.com, LLC",19/08/2002 12:48,09/01/2027 05:15,08/10/2026 04:46
b075eda7-b68f-4048-af10-801018b63efe,finance.free,premium,500.5,640,high,medium,7,unstoppable,,,08/10/2026 04:46
fd006eae-c771-4856-a210-fef2866dca27,finance.capital,resell,,,high,medium,7,"Network Solutions, LLC",17/07/2015 15:09,17/07/2027 15:09,08/10/2026 04:46
da103997-8d2a-4aad-98d6-94920e98f72f,finance.land,resell,,,high,medium,7,Dynadot Inc,26/04/2025 15:15,26/04/2027 15:15,08/10/2026 04:46
3c93ee82-9378-4c47-8da2-f3f709855ee9,finance.prof,premium,1344.67,1344.67,high,medium,7,spaceship,,,08/10/2026 04:46
f0f3b16e-836a-4553-b928-38f388375350,finance.tel,resell,,,high,medium,7,RegistryGate GmbH,16/03/2009 14:03,22/03/2027 23:59,08/10/2026 04:46
0d6b157b-a129-457a-9f47-2d96c085d307,finance.dance,resell,16.99,27.49,high,medium,7,"NameCheap, Inc.",25/09/2026 18:52,25/09/2027 18:52,08/10/2026 04:46
8b0f5e2a-ca73-4dcf-ac88-8167c9402d8f,finance.gmbh,premium,242,242,high,medium,7,namesilo,,,08/10/2026 04:46
cab91104-98e5-4749-836f-71094393bc86,finance.marketing,resell,,,high,medium,7,"Global Domains International, Inc. DBA DomainCostClub.com",30/01/2026 15:15,30/01/2027 15:15,08/10/2026 04:46
9de3c61e-4941-4445-b348-bf33a1d0e96f,finance.casa,premium,104,13,high,medium,7,namecheap,,,08/10/2026 04:46
c58a9449-4467-475f-a7ec-ea474cd4e751,finance.cruises,premium,242,242,high,medium,7,namesilo,,,08/10/2026 04:46
4e1ab9c2-6dd9-488e-9780-feb628cdee77,finance.day,premium,1034.17,1034.17,high,medium,7,spaceship,,,08/10/2026 04:46
1d929d5c-e512-45df-b14e-26aa0251b02b,finance.cleaning,premium,260,260,high,medium,7,namecheap,,,08/10/2026 04:46
943e94f7-8677-4894-9016-7fc10dab91f5,finance.construction,resell,,,high,medium,7,"GoDaddy.com, LLC",20/02/2014 07:25,20/02/2027 07:25,08/10/2026 04:46
7959942c-913e-47d1-aaac-f826a47be158,finance.film,premium,640,640,high,medium,7,namesilo,,,08/10/2026 04:46
c698d874-a69f-48a6-9158-d078d7ffbf79,finance.rentals,premium,99.5,102.67,high,medium,7,unstoppable,,,08/10/2026 04:46
dbd889b6-3452-426c-94d8-ddd7bff95194,finance.email,resell,,,high,medium,7,"DNSPod, Inc.",23/12/2023 16:59,23/12/2026 16:59,08/10/2026 04:46
71013e7e-9c4d-420e-8f0e-39b556a413a5,finance.spot,premium,500.5,517.7,high,medium,7,unstoppable,,,08/10/2026 04:46
d414e418-7c80-4dd9-b1e8-eb2369f9fea5,finance.bet,premium,2000.5,2070.2,high,medium,7,unstoppable,,,08/10/2026 04:46
61d342ec-46bb-4689-bb53-2c2af898a1ad,finance.systems,resell,,,high,medium,7,"Global Domains International, Inc. DBA DomainCostClub.com",04/03/2026 15:15,04/03/2027 15:15,08/10/2026 04:46
e1fed900-4ac9-40b5-a7d8-2d4d660ce399,finance.catering,premium,242,242,high,medium,7,namesilo,,,08/10/2026 04:46
d960b9f1-8122-4fb6-8577-d58ed2a94e88,finance.poker,premium,78.54,78.54,high,medium,7,namesilo,,,08/10/2026 04:46
d61bb6c4-0784-41cb-831e-6c17ddc14512,finance.nexus,premium,1034.17,1034.17,high,medium,7,spaceship,,,08/10/2026 04:46
a4faad28-2908-412d-b06e-1830b8da77b5,finance.immobilien,available,37.99,37.99,high,medium,7,namesilo,,,08/10/2026 04:46
0ec5afbc-b643-405c-952b-d4b5d4b83288,finance.llc,premium,2660,2660,high,medium,7,namesilo,,,08/10/2026 04:46
fe38d20f-682c-47f6-a20a-2392dfd1cc38,finance.sydney,available,58,58,high,medium,7,namesilo,,,08/10/2026 04:46
fc170177-8755-47e4-be20-27dca76376be,finance.bingo,available,53.99,53.99,high,medium,7,namesilo,,,08/10/2026 04:46
4052f8dd-2131-47a2-882a-9a922129dbbb,finance.solutions,resell,,,high,medium,7,Atom.com Domains LLC,18/08/2025 20:10,18/08/2027 20:10,08/10/2026 04:46
414541a5-24af-4b1b-964f-27fc3e0ba681,finance.organic,available,17.99,85.99,high,medium,7,namesilo,,,08/10/2026 04:46
0c88ffd6-e8f1-4843-8229-96c073905740,finance.graphics,available,39.99,39.99,high,medium,7,godaddy,,,08/10/2026 04:46
70be4da5-8fdb-4e43-aeac-54d02d64c60f,finance.fashion,premium,41.6,41.6,high,medium,7,spaceship,,,08/10/2026 04:46
0f0a18af-40f9-42dd-a2aa-5fa950e15712,finance.rehab,premium,1035.2,1035.2,high,medium,7,spaceship,,,08/10/2026 04:46
fd19ad09-737c-4bfc-a858-d1f18b19179c,finance.food,premium,2660,2660,high,medium,7,namesilo,,,08/10/2026 04:46
dc92c070-6ccb-44a1-9edf-450e36a3e3a0,finance.tv,resell,,,high,medium,7,InternetX GmbH,26/08/2008 08:00,09/04/2027 03:59,08/10/2026 04:46
eadcdfdc-8d9a-441f-897c-822e0df5f813,finance.shop,premium,10350.2,10350.2,high,medium,7,spaceship,,,08/10/2026 04:46
eb580ece-3660-4ca2-8cb9-4df73b71d4cf,finance.reise,available,77.83,77.83,high,medium,7,spaceship,,,08/10/2026 04:46
904ee0f3-6f61-43f4-a292-e6415c56fc28,finance.ong,premium,65,32.5,high,medium,7,namecheap,,,08/10/2026 04:46
af539b80-c573-44b2-8773-2c47c51e2ca6,finance.gallery,premium,118.8,118.8,high,medium,7,namesilo,,,08/10/2026 04:46
1274af9e-ce60-4316-83c0-7e113a4fb117,finance.vegas,premium,242,119.94,high,medium,7,namesilo,,,08/10/2026 04:46
c1065d18-1fa0-4ac5-aea9-b0b860a77ee1,finance.camera,premium,512,512,high,medium,7,namesilo,,,08/10/2026 04:46
c0f21d34-5e03-4abb-a118-08845767f9f0,finance.pink,resell,,,high,medium,7,"Spaceship, Inc.",25/11/2020 14:31,25/11/2026 14:31,08/10/2026 04:46
e6554239-9179-4aee-be5c-12fe0b700e1e,finance.company,resell,,,high,medium,7,"Spaceship, Inc.",21/06/2015 17:09,21/06/2027 17:09,08/10/2026 04:46
228c2a31-cfd8-4342-9e41-0de2e4c7b19f,finance.security,available,2000.2,2000.2,high,medium,7,cloudflare,,,08/10/2026 04:46
91e1a362-731e-4b3f-909d-8351945070d0,finance.pictures,available,15.49,15.49,high,medium,7,namesilo,,,08/10/2026 04:46
4b6cd868-1af0-4c00-a478-769d83090a6c,finance.coach,resell,,,high,medium,7,united-domains GmbH,13/07/2017 15:29,13/07/2027 15:29,08/10/2026 04:46
e135190e-d73d-487e-9682-350302b0e390,finance.talk,premium,650,650,high,medium,7,namecheap,,,08/10/2026 04:46
6335b3a1-d83b-4b65-9cdb-cd08dd46a341,finance.storage,available,899.99,999.99,high,medium,7,godaddy,,,08/10/2026 04:46
9a6fd588-d438-4cb4-9005-9d5aa3b24e0e,finance.healthcare,premium,68.51,68.51,high,medium,7,spaceship,,,08/10/2026 04:46
0ad17a41-1b40-42f3-8459-976edcbd1b3c,finance.observer,premium,1107,1107,high,medium,7,namesilo,,,08/10/2026 04:46
40470cf9-3709-45ef-80cc-3227b23aa97f,finance.luxury,available,24.99,49.99,high,medium,7,godaddy,,,08/10/2026 04:46
267cc32a-cd87-4bdc-805a-7bf8da0562c7,finance.sh,resell,,,high,medium,7,Dynadot Inc,20/05/2013 08:19,20/05/2027 08:19,08/10/2026 04:46
d03abce6-560a-4361-b014-7c817dac319d,finance.team,premium,,,high,medium,7,Dynadot Inc,04/03/2025 22:11,04/03/2027 22:11,08/10/2026 04:46
e92a1c45-9c7a-4d55-94fa-4c90acf062f8,financial.cash,resell,,,high,low,9,"Chengdu West Dimension Digital Technology Co., Ltd.",14/01/2026 15:15,14/01/2027 15:15,06/10/2026 23:34
1662ef9a-76ae-4112-820e-3b09be2f7e27,finance.band,premium,1035.2,1035.2,high,medium,7,spaceship,,,08/10/2026 04:46
24941f74-30b5-4d4b-ad43-5072bb71c0fe,finance.theater,available,65.99,65.99,high,medium,7,namesilo,,,08/10/2026 04:46
e70965fc-2b31-45e6-9aea-893a2f5f2cd7,finance.condos,premium,68.51,68.51,high,medium,7,spaceship,,,08/10/2026 04:46
3a53e3bf-336e-48af-a6d0-a96deb65e03f,finance.car,available,2519.99,3999.99,high,medium,7,godaddy,,,08/10/2026 04:46
6b55ee9a-d105-4b45-8471-4061ca646835,finance.limited,premium,38.94,38.94,high,medium,7,namesilo,,,08/10/2026 04:46
6b9ac193-6763-4c7c-893b-49da25973ce0,finance.fun,premium,647.08,2587.7,high,medium,7,spaceship,,,08/10/2026 04:46
008e73be-6600-4537-ba20-c3abc8d2d036,finance.viajes,available,149.99,149.99,high,medium,7,godaddy,,,08/10/2026 04:46
f31c0ca7-22e5-4fbf-b32c-93a1d2a2c1af,finance.cafe,resell,,,high,medium,7,"Chengdu West Dimension Digital Technology Co., Ltd.",07/06/2017 13:25,07/06/2027 13:25,08/10/2026 04:46
dede89f5-1775-48a5-91a5-1bd30e46d4b3,finance.cyou,premium,384,768,high,medium,7,namesilo,,,08/10/2026 04:46
f4d42791-96d5-463e-9eaa-8ea0a6543138,finance.holiday,available,99.99,99.99,high,medium,7,godaddy,,,08/10/2026 04:46
1ea2e6cc-b24e-4488-8fb1-da21aa6246a4,finance.hamburg,available,69.98,73.98,high,medium,7,namecheap,,,08/10/2026 04:46
23ab8831-815c-4b42-b9fe-5f4d08cfd43b,finance.horse,premium,83,26.08,high,medium,7,spaceship,,,08/10/2026 04:46
e8f8ae60-082c-4a3f-8b2a-a3cbecc1ec15,finance.cam,resell,,,high,medium,7,"Spaceship, Inc.",02/10/2025 18:56,02/10/2027 23:59,08/10/2026 04:46
45a72451-3720-46f4-82c8-163f1a627011,finance.photography,resell,,,high,medium,7,IONOS SE,24/05/2025 23:33,24/05/2027 23:33,08/10/2026 04:46
f5ae9c91-f9b0-4c9a-8de3-541a9280e2f4,finance.bot,premium,6900,6900,high,medium,7,namesilo,,,08/10/2026 04:46
bc30485b-892e-4845-bc89-086302775983,finance.date,premium,310.7,103.7,high,medium,7,spaceship,,,08/10/2026 04:46
dcbed7d0-323c-4008-a84f-86af755f64f2,finance.kim,resell,,,high,medium,7,"Spaceship, Inc.",21/02/2026 17:40,21/02/2027 17:40,08/10/2026 04:46
c1a06255-9bc0-4ee4-91c5-6ecdae98873c,finance.trade,premium,3450,116,high,medium,7,namesilo,,,08/10/2026 04:46
0e8715e5-73eb-4c00-80fa-c051187cb7e2,finance.movie,available,270.2,270.2,high,medium,7,cloudflare,,,08/10/2026 04:46
7430fff8-25f9-459d-82ac-660d6d7f44aa,finance.mx,resell,,,high,medium,7,Tool Domains OOD,17/04/2024 00:00,17/04/2027 00:00,08/10/2026 04:46
28e5ed58-d1da-41b3-a89a-49f076ac9123,finance.ltda,premium,56.64,33.04,high,medium,7,namesilo,,,08/10/2026 04:46
da5937f7-03a9-47ce-aaee-7e52a027fce3,finance.discount,premium,118.8,118.8,high,medium,7,namesilo,,,08/10/2026 04:46
e9e62777-a402-4b34-8318-9a3094433a38,finance.work,resell,,,high,medium,7,UM Domains Pte. Ltd.,14/06/2026 00:00,14/06/2027 00:00,08/10/2026 04:46
0a9054ec-5ef5-462d-8f70-8971130be018,finance.enterprises,resell,,,high,medium,7,"Global Domains International, Inc. DBA DomainCostClub.com",08/03/2026 15:15,08/03/2027 15:15,08/10/2026 04:46
aa19b6ae-f2c1-47c5-9786-f172e59d18bd,finance.barcelona,resell,,,high,medium,7,"Namecheap, Inc.",19/06/2026 20:12,19/06/2027 20:12,08/10/2026 04:46
733b9e49-3583-4ff0-b6cb-1649feb399a6,finance.london,premium,676.67,31.19,high,medium,7,namesilo,,,08/10/2026 04:46
36ebd0fd-4c34-4ab6-a094-e32a11938a67,finance.dad,premium,999.2,1034.17,high,medium,7,unstoppable,,,08/10/2026 04:46
63f88dd4-ca9d-4202-b96b-35bc295cad22,finance.auction,premium,1035.2,1035.2,high,medium,7,spaceship,,,08/10/2026 04:46
416c09c2-feb6-41c1-9b5f-6c18e182ac53,finance.dog,resell,,,high,medium,7,"Sav.com, LLC",31/01/2021 23:10,31/01/2027 23:10,08/10/2026 04:46
434578de-c2e9-4626-8fac-255ef9ebbc1f,finance.link,premium,3622.7,3622.7,high,medium,7,spaceship,,,08/10/2026 04:46
82fdcc64-ceca-4636-977e-4f1f3f8259e0,finance.locker,premium,6500,39,high,medium,7,namecheap,,,08/10/2026 04:46
4ff5f2b7-1da2-4a80-a23f-0d0da4723453,finance.industries,premium,207.2,207.2,high,medium,7,spaceship,,,08/10/2026 04:46
4358e0c1-b6e3-4226-a948-52dfc5bba6a6,finance.boo,premium,1034.17,1034.17,high,medium,7,spaceship,,,08/10/2026 04:46
ee0f44ac-3fbb-4632-9759-fd7874d73273,finance.gripe,premium,72.6,72.6,high,medium,7,dynadot,,,08/10/2026 04:46
760375b0-48d1-4654-9928-43af3116e021,finance.auto,available,2519.99,3999.99,high,medium,7,godaddy,,,08/10/2026 04:46
d2afd365-bb1a-4a2c-bb0b-73e87baa87c5,finance.forsale,premium,414.2,414.2,high,medium,7,spaceship,,,08/10/2026 04:46
fe25bfd0-5e86-4ffc-abc9-8fe3c5544c29,financial.loans,premium,854,854,high,low,9,namesilo,,,06/10/2026 23:34
68f876bb-a6c7-4226-8d4a-3357f6c6a4c2,finance.memorial,available,197.99,197.99,high,medium,7,godaddy,,,08/10/2026 04:46
da7c0dfe-f3c5-447c-86db-bb789963ecc3,finance.desi,available,19.98,22.98,high,medium,7,namecheap,,,02/10/2026 18:55
76657e6d-0a87-44b6-8088-9597cc2537b2,finance.deal,premium,500.5,550,high,medium,7,unstoppable,,,08/10/2026 04:46
b3734476-4c1c-4fb7-a720-270b38ce0438,finance.gifts,premium,68.51,68.51,high,medium,7,spaceship,,,08/10/2026 04:46
72df58d7-c115-44f0-8191-781ac332c301,finance.qpon,premium,3450,23.54,high,medium,7,namesilo,,,08/10/2026 04:46
de091376-c0f8-4c88-a811-958c80cfd6b0,finance.soy,premium,516.67,516.67,high,medium,7,spaceship,,,08/10/2026 04:46
93694e1a-b3da-476f-8121-04c2a14a1a42,finance.moda,available,43.98,45.98,high,medium,7,namecheap,,,08/10/2026 04:46
539921a7-06e7-40e7-a73c-efe81b4d746e,financial.ventures,resell,,,high,low,9,Dynadot Inc,15/02/2020 09:27,15/02/2027 09:27,06/10/2026 23:34
5f07666e-2f7b-496d-82fc-9cebe19f502f,finance.phd,premium,1344.67,1344.67,high,medium,7,spaceship,,,08/10/2026 04:46
3bb47552-80ce-4ba9-b135-7095b9b67eef,finance.tech,premium,10000.2,13800,high,medium,7,unstoppable,,,08/10/2026 04:46
6749d889-b2f0-4594-ab8a-0a85f315e472,finance.mov,premium,999.2,1034.17,high,medium,7,unstoppable,,,08/10/2026 04:46
f1daa0a3-3b0f-4cc9-8b57-7d692d72e83d,finance.forum,resell,,,high,medium,7,NAMECHEAP,03/08/2026 16:25,03/08/2028 16:25,08/10/2026 04:46
0cbca368-b009-4369-8443-22a7885fc453,finance.meme,premium,1690,1690,high,medium,7,namecheap,,,08/10/2026 04:46
4e083239-0eab-4a4d-8c3b-408115211f77,finance.diy,premium,2660,2660,high,medium,7,namesilo,,,08/10/2026 04:46
8b2ba378-4094-4f93-a087-68b83b46a1a5,finance.media,resell,,,high,medium,7,Dynadot Inc,04/04/2023 15:15,04/04/2027 15:15,08/10/2026 04:46
9a7c7432-6c75-4010-96a7-d6fbdade6964,financial.finance,resell,,,high,low,9,Dynadot Inc,26/01/2024 11:55,26/01/2027 11:55,06/10/2026 23:34
22111e21-ffa5-4753-87aa-64afe0221a8c,finance.bid,resell,,,high,medium,7,Dynadot Inc,26/07/2019 15:07,26/07/2027 15:07,08/10/2026 04:46
57215124-0e71-4304-8bb4-58a675031989,finance.fishing,premium,96,29.5,high,medium,7,namesilo,,,08/10/2026 04:46
58e61c38-f153-42f1-a37d-8ecaa5d9ca90,finance.supply,premium,118.8,118.8,high,medium,7,namesilo,,,08/10/2026 04:46
4286ca8f-44d0-4e4d-98e6-3801511f1e4a,finance.navy,available,109.99,109.99,high,medium,7,namesilo,,,08/10/2026 04:46
8ed26daf-600a-44e2-a095-ebc7b8357d55,finance.miami,premium,4140.2,18.83,high,medium,7,spaceship,,,08/10/2026 04:46
657a65df-d9b9-4c95-aa18-d03207ef7080,finance.casino,resell,,,high,medium,7,"Global Domains International, Inc. DBA DomainCostClub.com",10/01/2026 15:15,10/01/2027 15:15,08/10/2026 04:46
f1c402a1-51ef-413c-a9f7-53a90927ac0d,financial.srl,premium,54.28,30.68,high,low,9,namesilo,,,06/10/2026 23:34
b9736528-e805-4a30-a01e-d3c6d12b08d2,finance.study,premium,5175.2,5175.2,high,medium,7,spaceship,,,08/10/2026 04:46
b9a65bde-5ba8-464a-bed6-4354e1f2ebd5,financial.loan,premium,5175.2,103.7,high,low,9,spaceship,,,06/10/2026 23:34
873e8595-b744-45bd-9fed-f2be53ca0eaa,finance.family,premium,414.2,414.2,high,medium,7,spaceship,,,08/10/2026 04:46
6524d29f-afe2-4f6e-b3f8-5b24a19fc20f,finance.download,premium,455,65,high,medium,7,namecheap,,,08/10/2026 04:46
4cf54967-a395-4139-96e9-c1146aabb9c0,finance.zip,premium,1034.17,1034.17,high,medium,7,spaceship,,,08/10/2026 04:46
284d678a-3207-437c-9496-3989c646ad9b,finance.bargains,premium,400.5,520,high,medium,7,unstoppable,,,08/10/2026 04:46
861782cb-0a42-443d-84f1-70fb2e3b57d0,finance.sbs,premium,384,768,high,medium,7,namesilo,,,08/10/2026 04:46
c47f0664-876f-4205-a40f-97c699841a17,financial.limited,premium,68.51,68.51,high,low,9,spaceship,,,06/10/2026 23:34
a71d5f57-9344-459a-b372-9f5d94ee3911,finance.associates,premium,102.67,102.67,high,medium,7,spaceship,,,08/10/2026 04:46
f0b7a63e-e377-47d5-8916-2d8975bb6776,finance.world,resell,,,high,medium,7,101domain GRS Limited,14/01/2015 15:08,14/01/2027 15:08,08/10/2026 04:46
dff4484e-d0fe-42e3-90c7-e39bba95f6cd,finance.realty,premium,6900,6900,high,medium,7,namesilo,,,08/10/2026 04:46
574e70b4-1128-47ac-9f56-74a109b1b375,finance.soccer,available,20.9,20.9,high,medium,7,spaceship,,,08/10/2026 04:46
4e7a70e9-aead-406f-84fa-8cb06c485b20,finance.tattoo,available,2.99,34.99,high,medium,7,namesilo,,,08/10/2026 04:46
d5eb2b4e-7012-4060-a22b-98179135320a,finance.run,resell,,,high,medium,7,"DNSPod, Inc.",02/05/2017 21:34,02/05/2030 21:34,08/10/2026 04:46
3dd0888d-4700-4fa8-9816-c2c8a1936f83,finance.domains,premium,1040,1040,high,medium,7,namecheap,,,08/10/2026 04:46
d2397cc0-3956-47f8-b861-c930369a418b,finance.rent,resell,,,high,medium,7,"Spaceship, Inc.",23/09/2026 21:56,23/09/2027 23:59,08/10/2026 04:46
0586643b-1f5e-4fa5-b202-530c225fc4e9,finance.srl,premium,54.28,30.68,high,medium,7,namesilo,,,08/10/2026 04:46
c648065b-297a-45da-9e26-b5750e4c9a7a,finance.voyage,available,58.99,58.99,high,medium,7,namesilo,,,08/10/2026 04:46
5a40e201-17c5-4229-bb09-77e6292ab6de,finance.tickets,available,401.47,401.47,high,medium,7,dynadot,,,08/10/2026 04:46
3f8dccf5-3e59-47f3-803e-7610ad3f052e,finance.creditcard,premium,207.2,207.2,high,medium,7,spaceship,,,08/10/2026 04:46
f21d62ab-e3a3-4271-8ec8-064f294aabb1,finance.green,premium,3450,3450,high,medium,7,namesilo,,,08/10/2026 04:46
8f95fb13-c579-4f9d-964e-c1fbbd0ade67,finance.bio,resell,,,high,medium,7,"Xiamen ChinaSource Internet Service Co., Ltd",25/12/2025 15:15,25/12/2026 15:15,08/10/2026 04:46
1cb67a32-225a-482e-b3a1-777aa002ce61,finance.host,premium,1552.7,3105.2,high,medium,7,spaceship,,,08/10/2026 04:46
a85521c9-0b40-4f5f-8d95-5ca8a07f79e6,finance.science,premium,640,77.35,high,medium,7,namesilo,,,08/10/2026 04:46
311dc1cc-b093-489f-aa8d-5611b5ae96c1,finance.support,resell,,,high,medium,7,"Spaceship, Inc.",26/03/2014 16:00,26/03/2027 16:00,08/10/2026 04:46
9fef2ced-5312-4bf3-9292-e0cea3a94610,finance.repair,resell,,,high,medium,7,"Global Domains International, Inc. DBA DomainCostClub.com",08/12/2017 13:21,08/12/2026 13:21,08/10/2026 04:46
fbf20eab-063a-4773-a535-46ba2f8b3236,finance.kaufen,available,51.99,51.99,high,medium,7,godaddy,,,08/10/2026 04:46
e9444e3a-f30b-46a1-a911-684243fc23de,finance.shiksha,premium,4140,4140,high,medium,7,namesilo,,,08/10/2026 04:46
d8897d26-bc10-4b96-8857-8876aa8c4be0,finance.supplies,available,24.99,24.99,high,medium,7,namesilo,,,08/10/2026 04:46
a2a1d11f-7509-4a5b-8ad5-33c2968a2999,finance.lawyer,premium,1035.2,1035.2,high,medium,7,spaceship,,,08/10/2026 04:46
97fb5261-cd59-469a-9fb5-235ad0945085,financial.place,available,22.49,22.49,high,low,9,namesilo,,,06/10/2026 23:34
594ced4e-403f-4172-b730-e35fd276a4e5,finance.salon,available,44.2,44.2,high,medium,7,cloudflare,,,08/10/2026 04:46
29775409-1cf7-4223-b149-9ba542f3ee28,finance.pw,premium,5175,5175,high,medium,7,spaceship,,,08/10/2026 04:46
7fa64351-7080-4d7e-9583-7a12a63803d3,finance.insure,resell,,,high,medium,7,"Global Domains International, Inc. DBA DomainCostClub.com",10/05/2026 15:16,10/05/2027 15:16,08/10/2026 04:46
5aad529c-c3f6-4cc7-bcc6-1d07d60c819a,financial.inc,premium,1705,2060.21,high,low,9,dynadot,,,06/10/2026 23:34
57b235a9-d7b8-4540-8092-011c940d1ac5,finance.place,resell,,,high,medium,7,"Spaceship, Inc.",18/08/2023 15:15,18/08/2027 15:15,08/10/2026 04:46
7aa68694-8094-4f8b-87a4-0c136af98718,finance.exposed,premium,242,242,high,medium,7,namesilo,,,08/10/2026 04:46
9698fc19-e7f4-48d5-8ac2-fef0c8ad4654,financial.auto,available,2070,2950,high,low,9,namecheap,,,06/10/2026 23:34
97b2f60a-805b-4887-9c4e-83b3eb0628d8,financial.estate,premium,118.8,118.8,high,low,9,namesilo,,,06/10/2026 23:34
08e9316a-414d-43ed-b314-1a5a658340ae,finance.shopping,premium,512,512,high,medium,7,namesilo,,,08/10/2026 04:46
5fa78c2b-71c3-4498-b0b2-e9bf08617883,finance.cricket,available,39.99,39.99,high,medium,7,godaddy,,,08/10/2026 04:46
b42bc9cd-ea37-42e4-b958-b98592d8b156,finance.sale,premium,512,512,high,medium,7,namesilo,,,08/10/2026 04:46
8691facc-c95e-4b42-8c3e-6505fa7b71a3,finance.mobi,resell,,,high,medium,7,"GoDaddy.com, LLC",11/05/2006 22:13,11/05/2027 22:13,08/10/2026 04:46
052333d2-3f94-42d2-b239-0136aaa60f31,financial.eu,resell,,,high,low,9,Name: Greenmark IT GmbH Website: https://www.do.de,,,06/10/2026 23:34
5af4b40e-060b-40d6-8865-9d267fcd22bb,investment.loan,premium,1035.2,103.7,high,low,10,spaceship,,,08/10/2026 16:18
5341bf13-0fb6-4b8a-b9f4-9b8a9fba2220,finance.theatre,available,465.95,500.18,high,medium,7,spaceship,,,08/10/2026 04:46
be620914-eb41-4abf-825d-20dacad4dd7b,finance.events,premium,200.5,207.2,high,medium,7,unstoppable,,,08/10/2026 04:46
35c4ca9d-6d6c-4943-9852-ccaab9471dfa,finance.hospital,available,45.74,45.74,high,medium,7,spaceship,,,08/10/2026 04:46
cb544e6e-61dd-4ea0-933d-466b609f24dc,financial.foundation,resell,,,high,low,9,"GoDaddy.com, LLC",16/05/2025 01:29,16/05/2027 01:29,06/10/2026 23:34
5e2ee43e-89c0-4f46-b178-7a0741d18ecc,financial.cfd,premium,390,780,high,low,9,namecheap,,,06/10/2026 23:34
5f2d663b-e920-4cb4-bf7c-e29bdb27be4a,finance.rodeo,available,12.99,12.99,high,medium,7,namesilo,,,08/10/2026 04:46
b6f6dd64-3d7c-4168-9d63-21e091880d11,financial.cyou,premium,384,768,high,low,9,namesilo,,,06/10/2026 23:34
b2780f32-d614-4627-a41f-b52fd0107511,financial.to,resell,,,high,low,9,NAMECHEAP,20/06/2023 13:50,20/06/2027 13:50,06/10/2026 23:34
f8678ca8-06aa-4547-84fd-d9dcc0e85cbf,finance.boutique,resell,,,high,medium,7,"Global Domains International, Inc. DBA DomainCostClub.com",24/06/2026 15:15,24/06/2027 15:15,08/10/2026 04:46
e89a81b9-611e-4968-a820-1ba66b748d2b,finance.photo,premium,110,110,high,medium,7,dynadot,,,08/10/2026 04:46
a639af6f-cd80-44d7-93ac-964f627c2bb0,financial.icu,premium,390,780,high,low,9,namecheap,,,06/10/2026 23:34
45627ded-09d6-47af-8075-f2a961f1fe74,financial.limo,available,10.81,43.77,high,low,9,porkbun,,,06/10/2026 23:34
73f79a5d-ef89-434b-a70d-f99055e97c8a,financial.blackfriday,available,103.7,103.7,high,low,9,spaceship,,,06/10/2026 23:34
5590af96-5a1d-4547-9295-f3ed2cc3e68b,finance.diamonds,available,43.67,43.67,high,medium,7,spaceship,,,08/10/2026 04:46
d0339794-77cd-423c-9848-2ee63a5324be,financial.tires,available,72.44,72.44,high,low,9,spaceship,,,06/10/2026 23:34
7e8a83bf-39e8-4bcb-8f00-2e439ed844db,financial.gallery,premium,78.54,78.54,high,low,9,namesilo,,,06/10/2026 23:34
04b583da-3ca2-4c60-9896-34b72524438e,financial.cloud,premium,440,550,high,low,9,dynadot,,,06/10/2026 23:34
a0e67675-1487-4a10-8d13-c9af9240e02c,financial.blog,premium,517.7,2070.2,high,low,9,spaceship,,,06/10/2026 23:34
a609c561-ed35-4229-9e61-83d70b1f6787,finance.fish,premium,,,high,medium,7,,,,08/10/2026 04:46
a2ef97c5-176f-46b9-afe9-3027f0621ad4,financial.exchange,premium,828.2,828.2,high,low,9,spaceship,,,06/10/2026 23:34
e5079924-dec7-4eec-9907-aa164291bc46,finance.kitchen,premium,414.2,414.2,high,medium,7,spaceship,,,08/10/2026 04:46
90a2c057-69e0-4fbf-bba1-f001706121c8,financial.tips,premium,512,512,high,low,9,namesilo,,,06/10/2026 23:34
9a64612c-eda1-4f72-9359-e9512159968d,finance.dental,available,62.3,62.3,high,medium,7,spaceship,,,08/10/2026 04:46
2e3b2ec0-0b43-4dcc-b36a-ac799486b58f,finance.blue,resell,,,high,medium,7,"Spaceship, Inc.",16/09/2018 01:53,16/09/2027 01:53,08/10/2026 04:46
b9b53898-c63d-4439-9bfb-574cc7af9df5,financial.green,premium,128.7,128.7,high,low,9,namecheap,,,06/10/2026 23:34
e6fd19ee-59c1-429f-9250-cd4f3bf27c0a,finance.ca,resell,,,high,medium,7,SN Domains LTD.,31/10/2000 19:40,04/09/2027 04:00,08/10/2026 04:46
f8a0c192-15c5-4f8d-9c94-77b9e1ed532a,financial.degree,premium,207.2,207.2,high,low,9,spaceship,,,06/10/2026 23:34
ea1b3a72-de56-4a4a-adf7-0e60f43edabc,financial.cheap,available,28.2,28.2,high,low,9,cloudflare,,,06/10/2026 23:34
3d7d2527-c4ee-4396-b4e7-b357fe8c26da,financial.tienda,available,59.99,59.99,high,low,9,namesilo,,,06/10/2026 23:34
b0c66aaf-a09f-42a2-adb6-f70e6eced36a,finance.dentist,premium,260,260,high,medium,7,namecheap,,,08/10/2026 04:46
dd75cea4-8fc0-4001-9670-bf17110e7cb9,finance.degree,premium,1107,1107,high,medium,7,namesilo,,,08/10/2026 04:46
70248c7b-6a56-4eca-a511-e03f9d6eba75,financial.menu,available,27.99,27.99,high,low,9,namesilo,,,06/10/2026 23:34
fd6c321b-c58b-458c-b446-2feb5822594b,financial.mobi,resell,,,high,low,9,Automattic Inc.,27/02/2021 14:30,27/02/2028 14:30,06/10/2026 23:34
a780d6fd-4b21-4707-b2ff-ecdbef50915a,finance.charity,premium,242,242,high,medium,7,namesilo,,,08/10/2026 04:46
ab3107c6-359e-48c2-9188-6153dc4fbbd6,finance.health,premium,10350,71.4,high,medium,7,namesilo,,,08/10/2026 04:46
b6ac4660-b623-49a9-90d1-c7f8c6988ae3,financial.rodeo,available,10.2,10.2,high,low,9,cloudflare,,,06/10/2026 23:34
25b0affa-ef6d-4515-9647-0456092c04fd,finance.jewelry,available,51.95,51.95,high,medium,7,spaceship,,,08/10/2026 04:46
9b8580d8-ddf6-4201-87e9-abc65c0a6982,finance.red,resell,,,high,medium,7,"Spaceship, Inc.",01/05/2025 15:15,01/05/2027 15:15,08/10/2026 04:46
57e1876c-1c06-4967-811b-84a55697c927,financial.press,premium,1107,1107,high,low,9,namesilo,,,06/10/2026 23:34
a00abe4b-5ba7-4a83-961d-84541db663d7,finance.luxe,resell,,,high,medium,7,"GoDaddy.com, LLC",05/05/2021 12:52,05/05/2027 12:52,08/10/2026 04:46
67f1dd6b-7c49-4d26-9e9e-e081e877ed92,financial.solar,available,51.95,51.95,high,low,9,spaceship,,,06/10/2026 23:34
02a5408d-4873-4e3a-b973-c4e9935d10ba,finance.faith,premium,640,77.35,high,medium,7,namesilo,,,08/10/2026 04:46
602820b3-1e97-43a9-a7be-fdd37c6a6341,finance.uno,premium,5175.2,5175.2,high,medium,7,spaceship,,,08/10/2026 04:46
7059aa52-c04a-45e4-8699-1129dbe112fe,financial.online,premium,1375,5500,high,low,9,dynadot,,,06/10/2026 23:34
6ca40279-7ec6-4205-b1fe-1da8143c1703,finance.fan,premium,102.67,102.67,high,medium,7,spaceship,,,08/10/2026 04:46
f8efd9ae-f892-498f-8417-96269b693e62,financial.pink,available,5.89,20.9,high,low,9,spaceship,,,06/10/2026 23:34
f0700cc1-887c-4877-8539-a0c50f2ebe36,finance.mom,premium,832,832,high,medium,7,namesilo,,,08/10/2026 04:46
28ad5671-a2a8-400f-9931-5c1804a212a7,finance.esq,premium,1344.67,1344.67,high,medium,7,spaceship,,,08/10/2026 04:46
b0fac6e4-2287-41c6-97c4-94112595ef04,investment.credit,resell,,,high,low,10,"Global Domains International, Inc. DBA DomainCostClub.com",19/06/2026 15:15,19/06/2027 15:15,08/10/2026 16:18
b78da4d4-7479-464d-a66b-56b967445608,finance.surgery,premium,414.2,414.2,high,medium,7,spaceship,,,08/10/2026 04:46
88c487c8-049e-4e68-b4b5-29c319544f18,finance.contact,resell,,,high,medium,7,Porkbun LLC,09/12/2020 16:00,09/12/2026 16:00,08/10/2026 04:46
38340f33-93bc-4094-bf5a-df28191abc87,finance.fail,premium,102.67,102.67,high,medium,7,spaceship,,,08/10/2026 04:46
4b1e0b80-73fb-41c3-9d96-bfa0cb89597f,financial.asia,resell,,,high,low,9,1API GmbH,22/02/2008 22:40,22/02/2027 22:40,06/10/2026 23:34
39291a74-95b3-4756-962d-2e31e7f411a6,finance.party,resell,,,high,medium,7,Dynadot Inc,04/05/2016 06:58,03/05/2027 23:59,08/10/2026 04:46
d8e7d4dc-2df8-4133-8a66-71aaacd90895,finance.attorney,premium,1100,1100,high,medium,7,dynadot,,,08/10/2026 04:46
9ec345d3-9b9c-44b7-8b08-4a17d8baab20,financial.mov,premium,61.27,61.27,high,low,9,spaceship,,,06/10/2026 23:34
1e247381-099d-4dde-91f9-a15d5d3f0999,financial.furniture,available,80.2,80.2,high,low,9,cloudflare,,,06/10/2026 23:34
67b6f7d0-e1e2-406c-b381-34970795f392,financial.porn,available,69.98,154.98,high,low,9,namecheap,,,06/10/2026 23:34
177894f3-0495-4eb4-853d-0ca25ac01ff6,financial.ing,premium,672.95,672.95,high,low,9,spaceship,,,06/10/2026 23:34
582341e9-22bf-41c5-b82d-0c3d5944e8d5,financial.prof,premium,329.2,340.72,high,low,9,unstoppable,,,06/10/2026 23:34
9abbd067-c88e-4b7c-9793-ea88d37a2864,finance.fit,premium,2660,29.5,high,medium,7,namesilo,,,08/10/2026 04:46
860aa708-f6ba-4752-a51e-e10dcab54acd,financial.school,resell,,,high,low,9,Dynadot Inc,15/06/2021 16:12,15/06/2027 16:12,06/10/2026 23:34
f601cc57-f70a-4b1a-9800-982c4d7ecfad,financial.casino,available,6.41,129.58,high,low,9,spaceship,,,06/10/2026 23:34
700881b1-b892-4a04-9163-3f1265c4ebeb,financial.date,premium,310.7,51.95,high,low,9,spaceship,,,06/10/2026 23:34
ea20bcaf-0c1d-4ebf-9cb7-2734777df10a,financial.voting,available,1398,1448,high,low,9,namecheap,,,06/10/2026 23:34
d95c904e-fa12-4133-b03c-75843ba3f1dc,financial.art,premium,3105.2,72.65,high,low,9,spaceship,,,06/10/2026 23:34
bb7115c1-b0fe-4a97-84c8-1a24ae445b11,financial.actor,available,9.48,54.98,high,low,9,namecheap,,,06/10/2026 23:34
55f78885-61bd-4df7-b62f-9f1e70c8ee34,financial.shoes,available,31.25,51.95,high,low,9,spaceship,,,06/10/2026 23:34
fa792b83-8d9c-41bd-b13f-9b18b3559cd2,financial.pictures,available,15.49,15.49,high,low,9,namesilo,,,06/10/2026 23:34
68eea230-b265-40a2-948b-4eea64923480,financial.baby,resell,,,high,low,9,Dynadot Inc,22/07/2026 08:02,22/07/2027 23:59,06/10/2026 23:34
a0b25562-2a33-4286-830d-a94c7e6cede1,financial.deals,resell,,,high,low,9,"Sav.com, LLC - 39",14/03/2026 15:16,14/03/2027 15:16,06/10/2026 23:34
7a6ee0a3-d96d-4c8e-8be5-9f2a6ad2ed53,finance.boston,premium,207.2,18.83,high,medium,7,spaceship,,,08/10/2026 04:46
b60057eb-6eac-473a-8017-1a4075cc7b60,financial.hockey,available,59.99,59.99,high,low,9,namesilo,,,06/10/2026 23:34
c912fce2-e124-4106-9883-6f895b233364,finance.ing,premium,1345.7,1345.7,high,medium,7,spaceship,,,08/10/2026 04:46
fb940a0b-2e90-4156-8a7d-2f04d41ba2d8,financial.sbs,premium,310.7,621.2,high,low,9,spaceship,,,06/10/2026 23:34
424a6f10-003e-4deb-ba37-8502fb83b3fc,financial.pet,available,6.41,20.9,high,low,9,spaceship,,,06/10/2026 23:34
971d47d8-9bf1-4526-b81c-a8262ec0e6b8,financial.voto,available,26.5,58,high,low,9,unstoppable,,,06/10/2026 23:34
307b05f8-5c03-49e3-a1b3-334fa58468c7,financial.vana,available,2070.2,2070.2,high,low,9,spaceship,,,06/10/2026 23:34
c685aee3-74bb-4189-988f-e1ef0602bc03,finance.baby,resell,,,high,medium,7,Dynadot Inc,18/08/2026 21:12,18/08/2027 23:59,08/10/2026 04:46
d7e27b69-3ff5-4f2f-8913-2d25f7dc5fa2,finance.singles,resell,,,high,medium,7,"Global Domains International, Inc. DBA DomainCostClub.com",24/05/2019 11:08,24/05/2027 11:08,08/10/2026 04:46
a33f4ae5-112f-4b0b-ad4c-92c1561a0d00,finance.shoes,available,50.2,50.2,high,medium,7,cloudflare,,,08/10/2026 04:46
07a17bc8-92a3-45f7-b621-df9d02693657,financial.lifestyle,premium,1449.2,2070.2,high,low,9,spaceship,,,06/10/2026 23:34
8f159a1e-63f2-4591-840c-6e19878a0f77,financial.click,premium,72.65,103.7,high,low,9,spaceship,,,06/10/2026 23:34
9885b417-b66d-467d-8c9f-2d08b1ec873a,financial.dentist,premium,242,242,high,low,9,namesilo,,,06/10/2026 23:34
49b73fc6-7465-4576-9e3a-c59583486fd0,financial.co,resell,,,high,low,9,Hello Internet Corp.,25/02/2010 00:44,24/02/2027 23:59,06/10/2026 23:34
9540a96a-d0ff-4f12-acf5-faaa55d95ae4,financial.space,premium,1293.95,5175.2,high,low,9,spaceship,,,06/10/2026 23:34
abd92c22-bdf4-4ffb-8b49-f44cd2366027,financial.chat,resell,,,high,low,9,Dynadot Inc,23/05/2026 13:58,23/05/2027 13:58,06/10/2026 23:34
97ae2064-9e8d-4094-9485-78b41246a4da,financial.clothing,available,26.08,26.08,high,low,9,spaceship,,,06/10/2026 23:34
e5256cf2-a2f4-4936-a3ce-7168ca333f98,financial.you,premium,517.7,517.7,high,low,9,spaceship,,,06/10/2026 23:34
1aa25d29-c0b3-4206-aaee-d9bd01972a46,financial.help,resell,,,high,low,9,Dynadot Inc,25/04/2019 23:11,25/04/2027 23:59,06/10/2026 23:34
a0d637a3-f0f0-4c15-a0f1-cd27bf4b6420,finance.vacations,premium,102.67,102.67,high,medium,7,spaceship,,,08/10/2026 04:46
b012fd3e-596e-48c6-a211-11302f86c86d,finance.gold,resell,,,high,medium,7,"DNSPod, Inc.",04/04/2018 23:18,04/04/2036 23:18,08/10/2026 04:46
75d1147a-6346-44bd-9241-9930bc44dbe0,finance.foo,premium,1298.7,1298.7,high,medium,7,namecheap,,,08/10/2026 04:46
1f2968dc-7f0a-4982-b973-e6896700b56e,finance.living,premium,1820,2600,high,medium,7,namecheap,,,08/10/2026 04:46
2e08663a-6f98-4905-9658-2023923f7e1f,finance.vodka,available,25.2,25.2,high,medium,7,cloudflare,,,08/10/2026 04:46
bb032adf-c8c5-4bac-a7c8-e4d23f0f86f4,financial.properties,premium,200.5,220,high,low,9,unstoppable,,,06/10/2026 23:34
819a5cf7-3537-4e6e-afe7-e7ba6f20c344,investment.markets,premium,2500.5,2587.7,high,low,10,unstoppable,,,08/10/2026 16:18
37efef66-cf09-40cc-9655-3b7dae0b77df,investment.ltd,resell,,,high,low,10,Alibaba Cloud Computing Ltd. d/b/a HiChina (www.net.cn),21/06/2016 11:12,21/06/2027 11:12,08/10/2026 16:18
6ecbda00-acf0-4950-853f-6467f2f406fc,financial.irish,available,5.38,17.8,high,low,9,spaceship,,,06/10/2026 23:34
2657d126-f623-46fd-8470-076d865de0ab,financial.shop,premium,5175.2,5175.2,high,low,9,spaceship,,,06/10/2026 23:34
6e1654e3-f1fb-4203-b928-053639c941f9,financial.tennis,available,51.95,51.95,high,low,9,spaceship,,,06/10/2026 23:34
63d05fc8-4bba-4461-9630-b942bed9cdc1,financial.taxi,available,48.2,48.2,high,low,9,cloudflare,,,06/10/2026 23:34
f2c7c7f6-0cdc-4306-912c-7f9dcbd026ea,financial.football,available,25.99,25.99,high,low,9,namesilo,,,06/10/2026 23:34
301601bf-e70b-45e8-b90f-e114863d23db,financial.realty,available,109.99,299,high,low,9,namesilo,,,06/10/2026 23:34
4e6d14f1-2e21-4986-a4db-17d16457e771,financial.accountants,premium,880,880,high,low,9,dynadot,,,06/10/2026 23:34
fa4897be-4da3-4522-94d3-c82152ca7c01,finance.airforce,available,103.99,103.99,high,medium,7,namesilo,,,08/10/2026 04:46
36922f93-ee55-475b-8ba7-03fca705762c,financial.hamburg,available,69.98,73.98,high,low,9,namecheap,,,06/10/2026 23:34
1e626bc4-18a5-425a-b8f3-fbcd9a45807a,finance.porn,available,51.95,98.53,high,medium,7,spaceship,,,08/10/2026 04:46
532c9497-c1fa-439a-86e7-0ecffcd143f2,financial.deal,premium,500.5,640,high,low,9,unstoppable,,,06/10/2026 23:34
689de5f3-2909-41f3-ac81-049a71e469fc,financial.florist,available,31.98,41.98,high,low,9,namecheap,,,06/10/2026 23:34
fbc5ed54-a5ba-435f-953b-fa61a4753a21,financial.tours,available,5.38,49.88,high,low,9,spaceship,,,06/10/2026 23:34
067993d4-9090-4848-8c5e-de7454134d16,finance.pub,resell,,,high,medium,7,"Xiamen ChinaSource Internet Service Co., Ltd",10/03/2025 15:15,10/03/2027 15:15,08/10/2026 04:46
95c92647-a220-4624-a876-b6f82ee58aed,finance.build,premium,517.7,517.7,high,medium,7,spaceship,,,08/10/2026 04:46
f9642088-0c40-46ec-9489-8507fcbf3ade,financial.storage,available,500.2,500.2,high,low,9,cloudflare,,,06/10/2026 23:34
80ff9826-fce2-4627-8519-4b7cfe938a85,finance.bar,premium,2047.5,2925,high,medium,7,namecheap,,,08/10/2026 04:46
443a3a3f-a775-4640-8e1f-68b47d47aa76,finance.melbourne,available,58,58,high,medium,7,namesilo,,,08/10/2026 04:46
ec5c1e89-c2ae-4642-b22a-d2ff36c6a5b1,financial.film,available,77.98,97.98,high,low,9,namecheap,,,06/10/2026 23:34
58fa4ff7-0a35-4619-bc1c-1bed419f8f63,financial.free,premium,517.7,517.7,high,low,9,spaceship,,,06/10/2026 23:34
1c65ae29-8279-402a-816c-d9e230e02ce1,finance.protection,available,2519.99,3999.99,high,medium,7,godaddy,,,08/10/2026 04:46
b797a159-8b26-4174-83f8-ab02927e6d4d,finance.fans,premium,,,high,medium,7,TLD Registrar Solutions Ltd.,29/08/2018 12:17,29/08/2027 23:59,08/10/2026 04:46
2f45887c-1b98-480f-b6e4-13fadb6b6aca,financial.courses,premium,6500,6500,high,low,9,namecheap,,,06/10/2026 23:34
f08b52f2-a9f2-4d0b-be7a-a09b069db3d2,finance.rest,premium,130.61,186.5,high,medium,7,spaceship,,,08/10/2026 04:46
6f7476e2-6e48-42c9-8dfb-fc18a80efa86,finance.haus,premium,260,260,high,medium,7,namecheap,,,08/10/2026 04:46
af089306-ccb2-42dd-81da-bcc807d4aed0,financial.sale,premium,207.2,207.2,high,low,9,spaceship,,,06/10/2026 23:34
8b52fe5a-591f-4d68-9010-31156cb2060c,financial.luxe,premium,2660,17.7,high,low,9,namesilo,,,06/10/2026 23:34
0bf5b35a-0829-48b8-8196-63f88dfd9941,financial.hospital,available,45.74,45.74,high,low,9,spaceship,,,06/10/2026 23:34
2ad73bdd-72e6-4eb3-a0d6-33e940aadbd9,financial.cleaning,premium,54.36,108.6,high,low,9,porkbun,,,06/10/2026 23:34
66112296-6739-4c8d-8147-6bc50e1aba7e,finance.community,resell,,,high,medium,7,"Sav.com, LLC - 15",31/01/2026 15:15,31/01/2027 15:15,08/10/2026 04:46
a48d65b3-169f-4dab-90df-0a3e45d70d0e,finance.voting,available,1398,1448,high,medium,7,namecheap,,,08/10/2026 04:46
41bd91a7-a371-46ed-9458-95f200a3cc63,financial.glass,available,76.98,99.98,high,low,9,namecheap,,,06/10/2026 23:34
f8f0b350-101e-40d7-854a-2470f022ae4a,financial.builders,premium,36.32,72.57,high,low,9,porkbun,,,06/10/2026 23:34
4c7ad9c9-a99a-48f6-b5f6-0b02af36be9d,financial.esq,premium,329.2,427.7,high,low,9,unstoppable,,,06/10/2026 23:34
d5209489-bedc-4c44-a6ad-4b976fbdc015,finance.rsvp,premium,1298.7,1298.7,high,medium,7,namecheap,,,08/10/2026 04:46
38ff0a81-c3a3-445b-914c-32c028cea89d,financial.diy,premium,1449.2,2070.2,high,low,9,spaceship,,,06/10/2026 23:34
61603a94-86d7-471b-aa84-1ce9ebd44d04,financial.photo,available,29.99,29.99,high,low,9,namesilo,,,06/10/2026 23:34
313f6011-ca95-488b-a13b-bcf34c6b56c1,financial.theatre,available,509.99,529.99,high,low,9,namesilo,,,06/10/2026 23:34
8118d4f8-c1f5-490f-966f-660644c0cdc7,financial.navy,available,109.99,109.99,high,low,9,namesilo,,,06/10/2026 23:34
5c7d7d2c-4705-4cea-a5e5-b1cbd51322a2,finance.social,resell,,,high,medium,7,"Spaceship, Inc.",06/01/2025 15:15,06/01/2027 15:15,08/10/2026 04:46
62cbaf04-9cc3-456a-bd28-eff5cfb06021,finance.adult,available,53.72,101.87,high,medium,7,dynadot,,,08/10/2026 04:46
95bcf42b-2f54-4ca3-b37b-8a29ecafec0e,investment.lawyer,premium,1107,1107,high,low,10,namesilo,,,08/10/2026 16:18
f16589dd-d394-4630-b5e1-153e9627fa01,finance.game,premium,1345.7,1345.7,high,medium,7,spaceship,,,08/10/2026 04:46
24cd9142-5ba8-41ea-8301-e3c0844c34ac,finance.clinic,resell,,,high,medium,7,Porkbun LLC,13/09/2024 06:55,13/09/2027 06:55,08/10/2026 04:46
15267080-a3ee-4c8e-a02b-705c1ca70a66,financial.pw,resell,,,high,low,9,Tucows Domains Inc.,26/01/2024 18:08,26/01/2027 23:59,06/10/2026 23:34
56ed0d71-1e9c-4967-85e2-eb53c861fcd0,financial.bar,premium,652.25,931.7,high,low,9,spaceship,,,06/10/2026 23:34
800f2ef4-ff7e-423c-bfaf-99063db7b635,finance.plumbing,available,123.99,123.99,high,medium,7,godaddy,,,08/10/2026 04:46
5251664b-7910-4106-a1ab-88e31aea633d,finance.video,premium,400.5,512,high,medium,7,unstoppable,,,08/10/2026 04:46
c2d1f8b0-02fa-44e1-8d85-185cac3a6d82,financial.black,premium,78.54,78.54,high,low,9,namesilo,,,06/10/2026 23:34
f6895583-6203-44ef-a08c-66e53d08e0ca,financial.vote,available,20.9,72.65,high,low,9,spaceship,,,06/10/2026 23:34
9f547c4a-36ce-4669-913f-770646d6cda4,financial.cooking,premium,96,29.5,high,low,9,namesilo,,,06/10/2026 23:34
4bcd6c2d-6595-4fe3-8fe8-ae65d57aa63d,investment.supply,available,20.9,20.9,high,low,10,spaceship,,,08/10/2026 16:18
e5becafa-826f-4632-9bab-608376c5634d,investment.parts,available,9.52,33.32,high,low,10,spaceship,,,08/10/2026 16:18
4321fcd3-d1fa-49a8-afa2-65980bebd2f2,financial.hot,premium,517.7,517.7,high,low,9,spaceship,,,06/10/2026 23:34
1319d8ac-1b36-4473-a5f5-45edf782a64b,investment.gallery,available,28.99,28.99,high,low,10,namesilo,,,08/10/2026 16:18
6a773a33-2826-4a4f-8d97-7db132afe133,investment.wtf,resell,,,high,low,10,"Sav.com, LLC - 21",21/02/2026 15:15,21/02/2027 15:15,08/10/2026 16:18
8fcd9efa-a857-4214-9cf1-0b37d9769739,financial.parts,premium,118.8,118.8,high,low,9,namesilo,,,06/10/2026 23:34
5de14019-47ea-448c-9c47-8300b056e4ee,investment.limited,premium,78.54,78.54,high,low,10,namesilo,,,08/10/2026 16:18
1c384f65-9768-49c0-9a13-6d2e8e10b5d2,investment.trading,premium,2750,2750,high,low,10,dynadot,,,08/10/2026 16:18
0d0097ea-0805-4637-8c9a-c360210bf5aa,investment.vegas,available,18.99,43.99,high,low,10,namesilo,,,08/10/2026 16:18
dfae8342-2cc3-4deb-85bc-42de46d0d720,investment.horse,premium,96,29.5,high,low,10,namesilo,,,08/10/2026 16:18
f6641337-061b-4ee2-8b53-070a98122d48,investment.restaurant,premium,207.2,207.2,high,low,10,spaceship,,,08/10/2026 16:18
3c28f9ba-b5ab-4558-a603-5e5d67112e52,capital.creditcard,premium,207.2,207.2,high,medium,7,spaceship,,,06/10/2026 23:28
7c1af15b-362c-4341-a266-27454348428b,financial.zip,premium,59.2,61.27,high,low,9,unstoppable,,,06/10/2026 23:34
7ae59890-a04b-4423-81b1-93060c498dda,investment.sbs,premium,384,768,high,low,10,namesilo,,,08/10/2026 16:18
a3343d46-99d1-48f6-a9ab-86741d8986e5,financial.industries,premium,242,242,high,low,9,namesilo,,,06/10/2026 23:34
354f0347-d806-4619-b3ae-05edac290202,financial.game,available,279.65,341.75,high,low,9,spaceship,,,06/10/2026 23:34
6874d790-a6c8-48ce-8e15-e77182284d88,financial.broker,premium,5175.2,5175.2,high,low,9,spaceship,,,06/10/2026 23:34
1b455845-aa9b-44b3-9dc4-efdb7c5d5c6b,financial.kaufen,available,5.99,26.99,high,low,9,namesilo,,,06/10/2026 23:34
c9a87b8a-3cae-4c5a-a4df-f409732cd478,investment.download,premium,1107,116,high,low,10,namesilo,,,08/10/2026 16:18
13dc3c74-abcd-4a30-a757-0f9d7e90bfdd,investment.barcelona,available,25.04,25.04,high,low,10,spaceship,,,08/10/2026 16:18
71688626-b8e8-4e33-a481-0f45d9b76a49,banking.investments,premium,207.2,207.2,high,low,7,spaceship,,,29/09/2026 01:02
8ae3c22f-7652-4ba8-80c6-4682e776fc85,investment.cv,premium,1309.75,9.75,high,low,10,namecheap,,,08/10/2026 16:18
16298903-18c1-410f-92af-4c0ebb283c02,investment.llc,premium,2200,2200,high,low,10,dynadot,,,08/10/2026 16:18
872918f8-2104-41a7-b236-d4329f9db69a,financial.foo,premium,64.93,64.93,high,low,9,porkbun,,,06/10/2026 23:34
2ca8634a-d237-4d5c-b4a6-878861b5307c,financial.download,premium,448,53.92,high,low,9,namesilo,,,06/10/2026 23:34
c969f08d-81c9-4896-b868-878a93645b0b,investment.immobilien,premium,118.8,118.8,high,low,10,namesilo,,,08/10/2026 16:18
78c94c69-9199-4c21-b1b8-754d7101ff23,investment.theater,available,65.99,65.99,high,low,10,namesilo,,,08/10/2026 16:18
99d75f4d-e7aa-439b-a4ab-a149a4692b6e,investment.casa,premium,96,11.8,high,low,10,namesilo,,,08/10/2026 16:18
e07e49a5-d089-45f2-bbd3-4019dadfd9ef,financial.webcam,premium,116,29.5,high,low,9,namesilo,,,06/10/2026 23:34
e86f798f-9cab-40c3-a263-2ca9407cea31,investment.hair,available,1.99,17.29,high,low,10,namesilo,,,08/10/2026 16:18
9087738b-a858-43bf-90a8-d2000a142b78,investment.best,premium,1146,1146,high,low,10,namesilo,,,08/10/2026 16:18
9c5a2aa8-710f-406e-9773-0199e515c3c3,investment.singles,available,9,36.98,high,low,10,unstoppable,,,08/10/2026 16:18
73adf41b-7aa8-4cd9-9eda-60c515df42ca,financial.fund,premium,440,440,high,low,9,dynadot,,,06/10/2026 23:34
7112ae5a-4875-4ab5-bd4e-0563811c4de2,financial.rehab,premium,242,242,high,low,9,namesilo,,,06/10/2026 23:34
8001c498-1943-4d59-9229-fb044aafb6c8,financial.travel,available,115.2,115.2,high,low,9,cloudflare,,,06/10/2026 23:34
7db2e795-7c01-4830-98c6-a8a5f4ebae77,financial.surgery,premium,118.8,118.8,high,low,9,namesilo,,,06/10/2026 23:34
c1ced6a0-6f47-4476-97ca-e64d318701a9,financial.farm,premium,118.8,118.8,high,low,9,namesilo,,,06/10/2026 23:34
d1b4bab0-ed61-47db-90e5-b2d7cfae812e,financial.sexy,available,2749.99,2749.99,high,low,9,namesilo,,,06/10/2026 23:34
66b03ded-a8d1-4e6f-8320-01ec8d5eec6a,capital.store,premium,3450,3450,high,medium,7,namesilo,,,06/10/2026 23:28
d0456dd9-ab75-40e9-adeb-987a5cce2511,capital.finance,resell,,,high,medium,7,"GoDaddy.com, LLC",07/09/2014 16:00,07/09/2031 16:00,06/10/2026 23:28
b610ac66-4407-47f5-a59d-dc1f07fb6502,financial.wine,available,9.99,59.99,high,low,9,namesilo,,,06/10/2026 23:34
4c6caeeb-c864-49cd-92a2-8fc829d81ee9,investment.directory,resell,,,high,low,10,"Sav.com, LLC - 4",24/09/2026 15:15,24/09/2027 15:15,08/10/2026 16:18
5876bd3a-dcbd-4004-a5c3-5ee8867b0b85,investment.navy,available,109.99,109.99,high,low,10,namesilo,,,08/10/2026 16:18
3a7c0030-40b1-4b4b-8f7a-800d31296c9b,financial.meme,premium,90.2,93.35,high,low,9,unstoppable,,,06/10/2026 23:34
f986016b-4cb4-4ae6-8873-fb26f75fc44c,investment.pics,resell,,,high,low,10,"Spaceship, Inc.",17/02/2026 14:15,17/02/2027 23:59,08/10/2026 16:18
3c213efd-1dd9-41ed-b365-beeb91e04036,investment.icu,premium,310.7,621.2,high,low,10,spaceship,,,08/10/2026 16:18
a61ac49e-0e00-4d30-8d59-7aacedbe8e99,investment.institute,premium,99.5,128.7,high,low,10,unstoppable,,,08/10/2026 16:18
9a1298bc-ada4-412e-ad1a-0bb26aa10157,investment.talk,premium,302.5,302.5,high,low,10,namesilo,,,08/10/2026 16:18
d634edad-e402-4495-8369-1a8cf788fffc,financial.cc,resell,,,high,low,9,Dynadot Inc,03/10/2007 08:00,03/10/2027 08:00,06/10/2026 23:34
d7af3a86-482c-41f4-82fa-f503c8eb5970,investment.forex,premium,1300,1300,high,low,10,namecheap,,,08/10/2026 16:18
5a3e3271-31dd-4ba8-9dd8-fbce95357109,investment.io,resell,250698.85,59.99,high,low,10,Divido Ltd,05/01/2008 14:05,30/04/2030 12:00,08/10/2026 16:18
6aeb1374-742c-4a4f-8e6e-866aa4c29be7,financial.healthcare,premium,118.8,118.8,high,low,9,namesilo,,,06/10/2026 23:34
97922ae8-a777-4854-af3a-fc06688cbddf,financial.energy,resell,,,high,low,9,"Sav.com, LLC",30/08/2025 02:11,30/08/2027 02:11,06/10/2026 23:34
ee6873a1-b819-462d-b3b6-beed8bcf5de4,financial.health,resell,,,high,low,9,DotHealth LLC,30/07/2024 16:09,30/07/2027 16:09,06/10/2026 23:34
ce49c2be-1d2b-4b5b-acb4-a4e7c5d3b799,financial.host,premium,640,640,high,low,9,namesilo,,,06/10/2026 23:34
d94d9690-859f-4fe4-a193-22f710811d95,capital.melbourne,available,58,58,high,medium,7,namesilo,,,06/10/2026 23:28
62821cf1-e1bc-489f-9569-f1ed51e15ac5,investment.accountants,available,93.35,93.35,high,low,10,spaceship,,,08/10/2026 16:18
cffa02b5-a49f-4869-b78e-f11566c49d6e,investment.watch,resell,,,high,low,10,Dynadot Inc,02/08/2025 15:15,02/08/2027 15:15,08/10/2026 16:18
bbb8c565-4172-4908-bf35-204cfd15a9b5,investment.free,premium,103.7,103.7,high,low,10,spaceship,,,08/10/2026 16:18
461a731d-1a13-49bd-b1ab-4b75b151b53e,investment.healthcare,available,80.47,80.47,high,low,10,dynadot,,,08/10/2026 16:18
23f1eb78-1677-48bd-bf8c-afc00a849ae5,financial.fashion,available,26.08,26.08,high,low,9,spaceship,,,06/10/2026 23:34
2f8d0316-484a-4410-b2cf-c61314620019,financial.bid,resell,,,high,low,9,Dynadot Inc,27/02/2023 22:38,27/02/2027 22:38,06/10/2026 23:34
2650ad82-7019-492b-a226-cbb28f0a07f1,financial.stream,premium,650,84.5,high,low,9,namecheap,,,06/10/2026 23:34
421e5a17-378a-4086-a9aa-dccac4c8f0d9,financial.contractors,premium,68.51,68.51,high,low,9,spaceship,,,06/10/2026 23:34
effe1e76-5a4b-44f5-887e-9f1caa361677,financial.cars,available,2070,2950,high,low,9,namecheap,,,06/10/2026 23:34
0113cc09-00f3-4a79-9aa9-41ae0d746f33,investment.equipment,available,28.99,28.99,high,low,10,namesilo,,,08/10/2026 16:18
5fc0c474-4941-48d0-9285-96aa4ee4aa62,financial.fail,premium,68.51,68.51,high,low,9,spaceship,,,06/10/2026 23:34
e0094317-a4da-4cca-a7a3-e07a00a8a5b7,investment.soy,premium,299.2,328.9,high,low,10,unstoppable,,,08/10/2026 16:18
5cdaea23-870d-4f23-b213-8c225504fe64,investment.webcam,available,10.53,10.53,high,low,10,spaceship,,,08/10/2026 16:18
ccb6d238-6661-443b-9dcd-68fdb2bdd9e7,investment.software,premium,2587.7,2587.7,high,low,10,spaceship,,,08/10/2026 16:18
f54fc60f-ea0d-4f8e-b457-72db1f3c105c,financial.run,resell,,,high,low,9,"DNSPod, Inc.",12/04/2018 01:13,12/04/2027 01:13,06/10/2026 23:34
10fd93bb-1084-4a59-be1b-e42a2a58d5e7,investment.faith,resell,,,high,low,10,Dynadot Inc,28/05/2026 14:40,28/05/2027 14:40,08/10/2026 16:18
b16d7dac-0d10-43d3-833d-dbce960143e7,investment.town,available,6.41,29.18,high,low,10,spaceship,,,08/10/2026 16:18
c6564ec6-da82-4666-9202-9f209299dd76,financial.dating,available,13.06,60.14,high,low,9,dynadot,,,06/10/2026 23:34
97153c8f-bba6-4279-b78b-77f8f01ddac9,investment.protection,available,2140.22,2140.22,high,low,10,dynadot,,,08/10/2026 16:18
df8432ba-0cd5-42fa-92db-f138a41f9259,investment.exchange,premium,880,880,high,low,10,dynadot,,,08/10/2026 16:18
87b13098-1ae6-422e-8fe6-c80fcdf353e7,investment.mom,resell,,,high,low,10,Dynadot Inc,15/06/2026 10:35,15/06/2027 23:59,08/10/2026 16:18
9bd15317-f6d5-42d1-b063-7ece302d88a9,financial.sydney,available,58,58,high,low,9,namesilo,,,06/10/2026 23:34
726b275b-d837-4cf4-a5a2-15866241037b,financial.attorney,premium,1107,1107,high,low,9,namesilo,,,06/10/2026 23:34
e748032a-6526-4d6a-a999-8eb379964ea1,financial.pizza,available,17.99,64.99,high,low,9,namesilo,,,06/10/2026 23:34
b883d069-984f-4f2c-a2b7-69b64221a78d,financial.dental,available,62.3,62.3,high,low,9,spaceship,,,06/10/2026 23:34
a5b3699c-bc3a-4930-9f98-2e8ac71c59b3,investment.degree,available,41.6,41.6,high,low,10,spaceship,,,08/10/2026 16:18
a8abce4d-b5b3-41e5-a741-7de818f2723f,investment.cricket,available,23.59,23.59,high,low,10,namesilo,,,08/10/2026 16:18
ff84e2e3-e45b-4cfb-804a-c81d6e45fc39,investment.deal,premium,103.7,103.7,high,low,10,spaceship,,,08/10/2026 16:18
f7136002-799c-4aee-8449-be493e887261,investment.tennis,available,89.99,89.99,high,low,10,namesilo,,,08/10/2026 16:18
aafd8324-be17-4e1d-aa97-5dc9f70c2c90,funding.investments,resell,,,high,low,7,,,,28/09/2026 14:11
571d67e3-8bfa-461f-ba10-1978524f6061,financial.giving,premium,68.51,68.51,high,low,9,spaceship,,,06/10/2026 23:34
a9162cf7-b9de-43f9-878f-cb4792367bf8,capital.maison,available,45.74,45.74,high,medium,7,spaceship,,,06/10/2026 23:28
6f77c925-7bcd-484e-8d52-e6fc30cd9b48,financial.express,resell,,,high,low,9,"Sav.com, LLC - 38",21/03/2025 15:15,21/03/2027 15:15,06/10/2026 23:34
f813c807-8b19-4569-9fd6-0f0f1d52cd19,financial.software,premium,3450,3450,high,low,9,namesilo,,,06/10/2026 23:34
5a8f3d39-f66c-4fbe-9466-3c7fa8cdab22,investment.ltda,premium,56.64,33.04,high,low,10,namesilo,,,08/10/2026 16:18
4c67761d-9c68-448e-8d60-548d343d792c,financial.locker,premium,1035.2,31.25,high,low,9,spaceship,,,06/10/2026 23:34
cfb20b9d-aeb3-496a-b25c-38723c8e6d8c,financial.kids,available,6.79,19.99,high,low,9,namesilo,,,06/10/2026 23:34
9271f567-2107-4c15-8f94-e6c69016ff64,financial.nyc,premium,2729.67,27.82,high,low,9,porkbun,,,06/10/2026 23:34
d6058101-7d75-43b1-b9ef-411a98d403a8,financial.beer,available,1.24,26.08,high,low,9,spaceship,,,06/10/2026 23:34
b0478f43-a27e-4192-bc30-d5318682719d,capital.holdings,resell,,,high,medium,7,"Sav.com, LLC",04/04/2024 17:30,04/04/2027 17:30,06/10/2026 23:28
287a6903-e145-4ed0-a706-0e47451600ec,financial.holdings,premium,414.2,414.2,high,low,9,spaceship,,,06/10/2026 23:34
23a419d0-aa4f-446d-909f-03746c7a3c74,investment.cloud,resell,112,140,high,low,10,"Dynadot, LLC",07/06/2026 21:33,07/06/2027 21:33,08/10/2026 16:18
55005c7b-07d9-4aa6-b35d-a7037fde0c77,investment.contact,resell,,,high,low,10,Porkbun LLC,24/02/2022 13:15,24/02/2027 13:15,08/10/2026 16:18
668def92-b1e3-45b5-8ff1-4dc38fdfaea4,investment.tattoo,available,2.99,34.99,high,low,10,namesilo,,,08/10/2026 16:18
9a7bc99e-bf4d-42aa-b98d-eaf4bf3a301c,financial.red,available,18.2,18.2,high,low,9,cloudflare,,,06/10/2026 23:34
6673a32d-3fac-48ef-953e-9a58ade58605,investment.rehab,premium,207.2,207.2,high,low,10,spaceship,,,08/10/2026 16:18
eaf2ed3b-8c9b-4e87-b638-231af0d88102,capital.tienda,available,62.98,74.98,high,medium,7,namecheap,,,06/10/2026 23:28
42f68b3a-275b-449f-b160-8b67f84b5401,financial.store,premium,682.81,2729.67,high,low,9,porkbun,,,06/10/2026 23:34
08c41685-cd17-47bd-9360-7e348a97a6ae,investment.villas,available,69.98,82.98,high,low,10,namecheap,,,08/10/2026 16:18
1b44489d-0dca-440b-8a90-f5cd9a5bdfc4,fund.loan,premium,2587.7,103.7,high,low,4,spaceship,,,28/09/2026 08:44
5ea30859-eeb8-45eb-b6e3-cbb90e212fb0,investment.sex,available,69.98,154.98,high,low,10,namecheap,,,08/10/2026 16:18
00e68ab4-aa66-4803-941e-656550ed939a,financial.page,premium,249.2,323.7,high,low,9,unstoppable,,,06/10/2026 23:34
ca14d4dd-a398-42bf-b21e-ec9a4b8d14b5,investment.green,premium,1995,1995,high,low,10,namesilo,,,08/10/2026 16:18
17b15965-07de-4841-873e-c30645516f6d,investment.reviews,premium,828.2,828.2,high,low,10,spaceship,,,08/10/2026 16:18
a68a7052-015f-4495-b47f-910cfb111fb0,investment.page,premium,,,high,low,10,"GoDaddy.com, LLC",24/01/2025 02:40,24/01/2027 02:40,08/10/2026 16:18
b4f18fca-1eba-46cd-bff2-19f974fff258,investment.auto,available,1863.2,2064.2,high,low,10,spaceship,,,08/10/2026 16:18
ca0d002b-6c9d-4080-afea-10ce8da9ecdf,financial.berlin,available,79.98,89.98,high,low,9,namecheap,,,06/10/2026 23:34
f50519fc-2621-431d-8540-fb07dca9963c,investment.kiwi,premium,154.01,154.01,high,low,10,dynadot,,,08/10/2026 16:18
d297705d-17ca-48a5-bd96-906ee3036280,financial.protection,available,2140.22,2140.22,high,low,9,dynadot,,,06/10/2026 23:34
f9f734aa-2241-4e8c-af7a-a7d90c738c14,financial.vegas,available,18.99,43.99,high,low,9,namesilo,,,06/10/2026 23:34
d7aba4bc-08c9-46d4-a70e-9ab1bc0ddbd9,investment.info,resell,,,high,low,10,Dynadot Inc,25/07/2001 18:42,25/07/2027 18:42,08/10/2026 16:18
5b8315ad-aeb5-40bb-b7d5-c42cd9cc500d,investment.mobile,available,15.73,15.73,high,low,10,spaceship,,,08/10/2026 16:18
1a3cf918-05a8-48fb-af0c-96980c27fdd3,capital.mobi,resell,,,high,medium,7,Dynadot Inc,29/08/2006 10:06,29/08/2027 10:06,06/10/2026 23:28
c8c838c3-92ce-4deb-afc2-9fabec999c74,financial.moi,available,25.99,25.99,high,low,9,namesilo,,,06/10/2026 23:34
57df4b6d-c805-46c3-a328-d4fcd7f4fd78,investment.boo,premium,257.92,257.92,high,low,10,spaceship,,,08/10/2026 16:18
84f99568-ad2c-4179-a9c6-6f8c3a4143c9,financial.band,premium,1000.5,1035.2,high,low,9,unstoppable,,,06/10/2026 23:34
ca91e47c-0da1-444e-aee3-83093e5a5dfd,financial.uno,premium,2587.7,2587.7,high,low,9,spaceship,,,06/10/2026 23:34
d79c0735-88fc-4fc9-912a-cd469424e5d7,capital.forex,premium,1300,1300,high,medium,7,namecheap,,,06/10/2026 23:28
742a7c1d-6ae0-4fb7-9ed6-fa5bc3c236ef,investment.boston,premium,96,21.24,high,low,10,namesilo,,,08/10/2026 16:18
0e2b7826-7b92-4e47-874e-3911cb40a103,investment.dentist,premium,260,260,high,low,10,namecheap,,,08/10/2026 16:18
52f9c5ba-2308-4d88-b82c-ae51ddd99bcd,financial.observer,premium,1300,1300,high,low,9,namecheap,,,06/10/2026 23:34
600eeb2e-384c-4010-bd3f-c8b7c49bfe92,financial.camp,available,48.2,48.2,high,low,9,cloudflare,,,06/10/2026 23:34
3803af1b-6972-4563-b43a-c60c502d01f6,investment.cx,available,18.99,18.99,high,low,10,namesilo,,,08/10/2026 16:18
1ea14f33-2ce1-415a-aeb6-7534cab9d14a,capital.prof,premium,671.92,671.92,high,medium,7,spaceship,,,06/10/2026 23:28
3ef4f914-9df6-4d9b-865a-647655f47759,financial.pro,resell,,,high,low,9,"GoDaddy.com, LLC",22/08/2005 00:00,22/08/2027 00:00,06/10/2026 23:34
e2204967-0ef3-4b75-a70a-927ee1699d9a,financial.mba,premium,85.8,85.8,high,low,9,namecheap,,,06/10/2026 23:34
6cc4198e-053c-42d6-92d2-9c8ae90652be,capital.surgery,premium,242,242,high,medium,7,namesilo,,,06/10/2026 23:28
f0605039-bda0-4f91-8e97-0644a0684b00,capital.company,resell,,,high,medium,7,Porkbun LLC,05/06/2023 15:15,05/06/2027 15:15,06/10/2026 23:28
e258f407-0c2f-4f09-8e5a-e41cc3aabac4,financial.cool,premium,512,512,high,low,9,namesilo,,,06/10/2026 23:34
e1b50dc6-ff51-41aa-9d1c-ccd62d7ca53b,capital.attorney,premium,2750,2750,high,medium,7,dynadot,,,06/10/2026 23:28
f0e4c6e5-020a-4552-afba-236bc53ee69f,investment.phd,premium,427.7,427.7,high,low,10,namecheap,,,08/10/2026 16:18
8c603149-07e3-4ec8-95e7-ad541f997752,financial.christmas,available,32.32,32.32,high,low,9,dynadot,,,06/10/2026 23:34
49b5cb16-f1d1-46b7-864e-eacbc827dc9e,capital.love,premium,4347.2,6210.2,high,medium,7,spaceship,,,06/10/2026 23:28
4627a458-bfcc-4025-a299-5296f7066603,management.loan,premium,625,81.25,high,low,10,name.com,,,19/09/2026 14:24
d72454ff-c4d8-4a47-9ff7-3efd37d68a99,capital.site,premium,2587.7,10350.2,high,medium,7,spaceship,,,06/10/2026 23:28
6917667c-3f08-4925-8503-580b9bbd3262,investment.accountant,premium,3450,416,high,low,10,namesilo,,,08/10/2026 16:18
ddbdef91-fd6f-4546-a03d-1b0d85da3857,financial.gmbh,available,47.98,56.98,high,low,9,namecheap,,,06/10/2026 23:34
e5f1c28d-e107-44b3-8114-b379d3eddfc2,capital.vana,available,2070.2,2070.2,high,medium,7,spaceship,,,06/10/2026 23:28
c362c7c6-6a38-4244-a7ed-d64cea70bf63,investment.company,resell,,,high,low,10,GoDaddy Online Services Cayman Islands Ltd.,21/06/2015 20:49,21/06/2029 20:49,08/10/2026 16:18
e6981a78-69fd-4b2f-9c82-33f76cf0785e,investment.nexus,premium,76.7,76.7,high,low,10,namecheap,,,08/10/2026 16:18
f3eeaae1-f085-4442-a856-6c247c0fd437,financial.sex,available,51.95,98.53,high,low,9,spaceship,,,06/10/2026 23:34
67dd35e8-103d-4e91-8310-b657f31400c2,capital.forum,premium,103.7,103.7,high,medium,7,spaceship,,,06/10/2026 23:28
213fa6cb-d6e9-4638-9116-db8e47020bf6,investment.holiday,available,64.99,64.99,high,low,10,namesilo,,,08/10/2026 16:18
2467c874-6ff4-4abc-bccd-babefdd230ff,financial.eco,premium,7762.7,59.71,high,low,9,spaceship,,,06/10/2026 23:34
4f889e14-47b3-4a91-8e05-35dd6004b048,financial.adult,available,51.95,98.53,high,low,9,spaceship,,,06/10/2026 23:34
ca77c481-4817-4837-8bd2-f27aae050ed9,financial.ninja,premium,118.8,118.8,high,low,9,namesilo,,,06/10/2026 23:34
95ce6713-6a1f-4802-8a61-3ed8a6737f06,capital.exchange,premium,242,242,high,medium,7,namesilo,,,06/10/2026 23:28
5eade8be-fa55-4aa7-b84f-f7ad2424727a,financial.kitchen,available,10.5,83.98,high,low,9,unstoppable,,,06/10/2026 23:34
88e5a334-265f-4d98-afd1-c150986491ae,investment.zip,premium,61.27,61.27,high,low,10,spaceship,,,08/10/2026 16:18
97947c8a-c31d-4111-9baf-9f4adf199411,financial.codes,available,8.99,71.99,high,low,9,namesilo,,,06/10/2026 23:34
f35dace6-d636-4c95-947d-23897213b3c7,capital.space,premium,3250,13000,high,medium,7,namecheap,,,06/10/2026 23:28
5b927616-734c-4d71-a939-d1759c973bb6,investment.shopping,available,23.18,23.18,high,low,10,spaceship,,,08/10/2026 16:18
29f0b61d-4fe5-4c64-973c-4afffbb33ad8,capital.berlin,premium,1268.8,1268.8,high,medium,7,namecheap,,,06/10/2026 23:28
17fb706f-d79c-4d73-8b31-f7012c8d3f2c,financial.condos,premium,102.67,102.67,high,low,9,spaceship,,,06/10/2026 23:34
d347642c-6f69-4dfd-8dc6-b3b80d626146,investment.security,available,2000.2,2000.2,high,low,10,cloudflare,,,08/10/2026 16:18
553d7841-c733-4f99-8d00-c029e8369917,investment.cash,premium,828.2,828.2,high,low,10,spaceship,,,08/10/2026 16:18
bb6a542a-b6b9-4d73-b4ff-b035505d7bf9,financial.cruises,available,44.71,44.71,high,low,9,spaceship,,,06/10/2026 23:34
ba804c13-b5df-4890-b5a0-dc4cba17fa92,financial.build,premium,258.95,258.95,high,low,9,spaceship,,,06/10/2026 23:34
bd551205-b942-4027-9023-1e8991ef814d,financial.lgbt,available,13.5,79.99,high,low,9,unstoppable,,,06/10/2026 23:34
e11761cf-ac7b-4cdc-aa33-0959750d8b44,capital.review,premium,2587.7,103.7,high,medium,7,spaceship,,,06/10/2026 23:28
227427cf-3e84-4389-a9ed-1b494ee5236e,investment.paris,available,14.6,38.57,high,low,10,dynadot,,,08/10/2026 16:18
05960d35-a446-4e7e-8fe6-0cb1a326ba90,investment.hockey,available,61,47.81,high,low,10,unstoppable,,,08/10/2026 16:18
993f4103-6774-4463-8a2a-00b7c6314715,financial.qpon,premium,2750,21.94,high,low,9,dynadot,,,06/10/2026 23:34
cac7982b-e4b2-41f4-b8f2-440b496d138c,financial.style,premium,118.8,118.8,high,low,9,namesilo,,,06/10/2026 23:34
cbe0b3bc-bc31-43d5-abcf-799125544eec,investment.food,premium,724.7,1035.2,high,low,10,spaceship,,,08/10/2026 16:18
5cdc5cb4-d31f-4838-b15c-d4207c90b5af,financial.mortgage,premium,242,242,high,low,9,namesilo,,,06/10/2026 23:34
409b8fec-c1f2-43b3-940b-6aae59dd3d70,capital.blackfriday,available,114.99,114.99,high,medium,7,namesilo,,,06/10/2026 23:28
9ee8fd08-551b-4ea2-9371-7063b66049a1,capital.kaufen,available,5.99,26.99,high,medium,7,namesilo,,,06/10/2026 23:28
e8e98134-7d1b-49cd-9fc9-f76f9d3b624a,financial.wtf,premium,108.9,108.9,high,low,9,dynadot,,,06/10/2026 23:34
2649da68-1a37-4e5e-a810-b9e566a8b56f,fund.investments,premium,512,512,high,low,4,namesilo,,,28/09/2026 08:44
9a365677-b7fb-4d73-9009-4536bf365fc1,investment.prof,premium,340.72,340.72,high,low,10,spaceship,,,08/10/2026 16:18
6d9e0516-1b38-4240-8717-ccfc7e1808da,capital.porn,available,69.98,154.98,high,medium,7,namecheap,,,06/10/2026 23:28
dd422c02-bf78-4707-92c6-c2db32efc0cc,investment.foo,premium,61.27,61.27,high,low,10,spaceship,,,08/10/2026 16:18
713d44da-61f2-48ef-a35c-bbdb060ced7b,banking.cash,resell,,,high,low,7,"Spaceship, Inc.",14/03/2022 19:42,14/03/2027 19:42,29/09/2026 01:02
41e8392d-d7f5-4a18-8917-993e646f3d71,financial.rent,available,17.99,59.99,high,low,9,namesilo,,,06/10/2026 23:34
9fb47813-f18b-4f9b-8c9c-c94d99d14f6d,capital.autos,resell,,,high,medium,7,"Spaceship, Inc.",02/03/2022 03:08,02/03/2027 23:59,06/10/2026 23:28
ce6b3af1-1626-4bdc-8878-2ee4d550dd19,financial.top,resell,,,high,low,9,成都西维数码科技有限公司,09/04/2022 18:02,09/04/2027 18:02,06/10/2026 23:34
ef4373e0-bbbb-403b-a81a-a34c664c05d5,financial.discount,premium,102.67,102.67,high,low,9,spaceship,,,06/10/2026 23:34
0ed502a0-abc7-40f3-8067-8b2ea082b123,investment.rsvp,premium,249.2,257.92,high,low,10,unstoppable,,,08/10/2026 16:18
fc49af0d-b5df-47eb-a35f-dc9fd9177b52,financial.voyage,available,58.99,58.99,high,low,9,namesilo,,,06/10/2026 23:34
e4ebd136-0a0e-49b8-a1db-11487fcc081a,investment.tel,premium,1035.2,9.76,high,low,10,spaceship,,,08/10/2026 16:18
f89e113a-92c8-4180-b4f6-ae6f7368d27a,investment.vet,available,41.99,41.99,high,low,10,namesilo,,,08/10/2026 16:18
2263abbb-5a89-4439-a2b7-ecbe30a90543,financial.barcelona,available,25.04,25.04,high,low,9,spaceship,,,06/10/2026 23:34
c3a67214-6c19-4da3-9138-6236b93ad72e,capital.investments,resell,,,high,medium,7,"Spaceship, Inc.",30/08/2015 16:00,30/08/2027 16:00,06/10/2026 23:28
215bab31-3175-43d3-8ff3-a550f2b32e85,investment.vin,premium,102.67,102.67,high,low,10,spaceship,,,08/10/2026 16:18
5c1f6076-69c8-4b98-8d53-0c2cdcb001da,investment.salon,available,10.92,52.65,high,low,10,dynadot,,,08/10/2026 16:18
7e9f59c8-0ec8-425d-b996-9dae5fe8f2a4,financial.bargains,premium,99.5,128.7,high,low,9,unstoppable,,,06/10/2026 23:34
d4d1e5c6-bea1-4623-82a2-3aee0e09150f,banking.mortgage,premium,520,520,high,low,7,namecheap,,,29/09/2026 01:02
f0e3f03c-5ecd-4b91-bcdd-4aeb80632e7b,investment.taxi,available,8.98,78.98,high,low,10,namecheap,,,08/10/2026 16:18
651ad29c-d384-42bd-851c-8a9e75eb99af,investment.ngo,premium,650,325,high,low,10,namecheap,,,08/10/2026 16:18
a66a9d94-5043-4420-9b4e-4d5dfbdefdc0,capital.cyou,premium,384,768,high,medium,7,namesilo,,,06/10/2026 23:28
96b44892-0d36-433b-84ca-28ca14634bab,financial.apartments,available,57.99,57.99,high,low,9,namesilo,,,06/10/2026 23:34
20d36c5a-fee8-47a2-a328-e5dc6fc3b87e,financial.jetzt,available,23.99,23.99,high,low,9,namesilo,,,06/10/2026 23:34
fbdc1989-a346-4bc2-a2e1-861ef48aeeca,financial.faith,available,10.53,10.53,high,low,9,spaceship,,,06/10/2026 23:34
9d419e90-feb7-4ab2-ba48-42abc5175c6f,financial.gratis,available,18.2,18.2,high,low,9,cloudflare,,,06/10/2026 23:34
3454d548-741c-439d-9dc7-8844bf4013a7,financial.kim,available,8.24,19.05,high,low,9,porkbun,,,06/10/2026 23:34
e72052fa-73fd-418d-80c1-2704c5ca5942,investment.locker,premium,3433.44,8.8,high,low,10,namesilo,,,08/10/2026 16:18
dab3383d-62e6-43d4-9cf1-bd802fed2d70,capital.webcam,premium,640,77.35,high,medium,7,namesilo,,,06/10/2026 23:28
077ec9bd-170c-4c93-b68b-118d4ba36763,investment.sarl,premium,34.36,34.36,high,low,10,spaceship,,,08/10/2026 16:18
ff15173e-c367-4acb-bd64-fbfdbbc78d34,financial.dev,premium,421.12,421.12,high,low,9,namesilo,,,06/10/2026 23:34
8a754c0a-244d-46d2-93ad-9c53dc7f0df0,financial.blue,resell,,,high,low,9,"DNSPod, Inc.",12/01/2022 17:00,12/01/2027 17:00,06/10/2026 23:34
33046938-869f-46d5-9279-4f02eed39db6,capital.cars,available,2070,2950,high,medium,7,namecheap,,,06/10/2026 23:28
e7e63596-5df7-4c4a-8744-99d48e91d61a,banking.capital,premium,102.67,102.67,high,low,7,spaceship,,,29/09/2026 01:02
60bf7bb2-6fe9-4774-bae5-76e6c8c454b5,financial.viajes,available,35.2,35.2,high,low,9,cloudflare,,,06/10/2026 23:34
20ac1221-ed4f-42e1-ba40-a248fa7b3c84,financial.works,premium,512,512,high,low,9,namesilo,,,06/10/2026 23:34
11c0c114-e873-481c-81fd-6b8e2f32ebcc,investment.moda,available,41.99,41.99,high,low,10,namesilo,,,08/10/2026 16:18
a8a7926f-4378-4576-9c99-bce073869f59,investment.me,premium,7392.71,17.25,high,low,10,dynadot,,,08/10/2026 16:18
ccb1619b-1f27-4132-9d37-3f3509d36ff9,credit.store,premium,5000.2,6250,high,low,6,unstoppable,,,29/09/2026 09:26
c6295770-69c0-46d0-9849-69bbb730c839,capital.movie,available,37.67,321.22,high,medium,7,dynadot,,,06/10/2026 23:28
21f3550e-afd2-4183-b5d6-4c0b1a0b842b,investment.shop,premium,11000,11000,high,low,10,dynadot,,,08/10/2026 16:18
a48d8efd-f02e-443f-a25f-adc3f4266290,investment.kitchen,available,7.96,51.95,high,low,10,spaceship,,,08/10/2026 16:18
0f31a009-352f-4857-b31e-0fd3ce280f06,financial.markets,premium,2587.7,2587.7,high,low,9,spaceship,,,06/10/2026 23:34
98eedce2-10f0-41b5-bdf5-f8560f275ba3,capital.cafe,resell,,,high,medium,7,"DNSPod, Inc.",07/04/2024 15:15,07/04/2027 15:15,06/10/2026 23:28
0117bbc1-1f23-4dbe-8a17-47451e67e789,financial.lawyer,premium,1107,1107,high,low,9,namesilo,,,06/10/2026 23:34
36b8153f-3c65-4f4c-b17d-f2784e1bcd1a,investment.productions,available,31.2,31.2,high,low,10,cloudflare,,,08/10/2026 16:18
28cad6dc-525a-4149-9c12-3a9edfda0aaa,capital.qpon,premium,55,21.94,high,medium,7,dynadot,,,06/10/2026 23:28
a622559f-846d-4df4-a019-101ba079bc0c,investment.camp,resell,,,high,low,10,Dynadot Inc,15/06/2026 17:00,15/06/2027 17:00,08/10/2026 16:18
e4b2d61d-f50b-4ab0-8d39-5b6272264165,investment.lighting,available,23.99,23.99,high,low,10,namesilo,,,08/10/2026 16:18
22aa7d4d-1c96-4040-9e39-4c29a00e3f47,investment.tax,premium,260,260,high,low,10,namecheap,,,08/10/2026 16:18
2cca9607-6115-43cb-b94e-28ca1e7f5e93,financial.forex,premium,1000.5,1035.2,high,low,9,unstoppable,,,06/10/2026 23:34
d10073f1-df28-42b6-85ca-0164a7ee0158,investment.foundation,resell,,,high,low,10,"Sav.com, LLC",28/12/2020 16:57,28/12/2026 16:57,08/10/2026 16:18
6ff0886b-7bd8-4b1e-8df6-b878fa1e74cc,financial.company,resell,,,high,low,9,"Spaceship, Inc.",21/06/2015 17:09,21/06/2027 17:09,06/10/2026 23:34
448c1964-d40d-4c36-a36f-175ffc3bee3c,funding.financial,premium,,,high,low,7,,,,28/09/2026 14:11
e710363d-d130-4d5b-b964-7c90aa0597cb,investment.clinic,resell,,,high,low,10,Dynadot Inc,06/08/2025 21:52,06/08/2027 21:52,08/10/2026 16:18
e6af2ba6-2a6c-4c59-84c1-d29dde3177c0,financial.systems,resell,,,high,low,9,Dynadot Inc,08/07/2015 16:00,08/07/2027 16:00,06/10/2026 23:34
0b260392-0167-4350-b9b6-83dc9d87b50e,investment.agency,resell,,,high,low,10,"Spaceship, Inc.",08/08/2025 11:57,08/08/2027 11:57,08/10/2026 16:18
b5a8863e-36d9-4071-a188-9f0c39098f3b,financial.productions,premium,207.2,207.2,high,low,9,spaceship,,,06/10/2026 23:34
a68ab750-0860-42fd-a5c3-c906e13316ef,loan.co,resell,,,high,low,4,"GoDaddy.com, LLC",24/02/2010 23:19,23/02/2028 23:59,26/09/2026 07:17
4d1cd91c-1cb5-48f0-b910-97478cbf2f63,credit.faith,premium,130,32.5,high,low,6,namecheap,,,29/09/2026 09:26
c6ed026d-4a96-4767-a7a3-c021143ad9f1,financial.rentals,premium,207.2,207.2,high,low,9,spaceship,,,06/10/2026 23:34
5249e311-aed3-4a12-9958-061f6ad8464a,capital.flowers,available,64.99,114.99,high,medium,7,namesilo,,,06/10/2026 23:28
e2d0344b-60e8-4e96-8c88-9165af6f5bd5,investment.dance,available,9.85,25.9,high,low,10,dynadot,,,08/10/2026 16:18
4731149b-6683-496a-adda-b298a828443b,financial.rest,premium,1152,1152,high,low,9,namesilo,,,06/10/2026 23:34
4c17b623-0c50-4f53-a92c-002a0f8513df,financial.boo,premium,257.92,257.92,high,low,9,spaceship,,,06/10/2026 23:34
01a3dc87-78f3-43c3-b3f4-5f1f16b5f615,financial.vin,available,6.98,75.98,high,low,9,namecheap,,,06/10/2026 23:34
9cdf1117-969c-4874-b316-1c02d31df4a6,financial.education,resell,,,high,low,9,"Spaceship, Inc.",19/06/2020 13:55,19/06/2027 13:55,06/10/2026 23:34
3c67510d-f4da-4547-a5b7-be7a1c01b0ec,financial.kiwi,available,21.27,21.27,high,low,9,dynadot,,,06/10/2026 23:34
5f19de2f-fefe-4a94-9f70-9e640d0bbf0d,capital.theatre,available,465.95,500.18,high,medium,7,spaceship,,,06/10/2026 23:28
e7595724-588a-498a-ab9b-854359a8c0de,investment.movie,available,36.43,279.65,high,low,10,spaceship,,,08/10/2026 16:18
7bb0eeaa-8242-46b4-8e48-4dfce40a861f,investment.kaufen,available,5.57,28.04,high,low,10,dynadot,,,08/10/2026 16:18
73a16197-68a5-422f-889e-dfe2307a54de,capital.lifestyle,premium,724.7,1035.2,high,medium,7,spaceship,,,06/10/2026 23:28
6b4bc8c0-f15b-45ce-81d6-27c6d7a382ae,investment.exposed,available,17.8,17.8,high,low,10,spaceship,,,08/10/2026 16:18
7df40312-a790-4658-9474-023aa1b28445,investment.diy,premium,724.7,1035.2,high,low,10,spaceship,,,08/10/2026 16:18
6af9ecc6-ce2b-4384-baf0-f35e1b224880,capital.pet,resell,,,high,medium,7,"Sav.com, LLC - 35",26/06/2026 15:15,26/06/2027 15:15,06/10/2026 23:28
b2f485a9-559e-4929-a837-caa682d4a500,financial.security,available,1999.99,2049.99,high,low,9,namesilo,,,06/10/2026 23:34
b6950c1d-3b9f-4f7b-b24f-a045f5f0caee,management.investments,premium,250,250,high,low,10,name.com,,,19/09/2026 14:24
039c83e2-d01c-4a69-9778-da84b0139057,financial.toys,available,14.98,82.48,high,low,9,namecheap,,,06/10/2026 23:34
75b67514-933c-46c5-9fcf-ef313c6753ef,investment.voyage,available,61.98,73.98,high,low,10,namecheap,,,08/10/2026 16:18
16197894-02e4-44ed-9c53-f69874834fe0,investment.poker,premium,500.5,517.7,high,low,10,unstoppable,,,08/10/2026 16:18
59f6bf7b-db3b-4d10-8511-b3f5383e6045,capital.fun,premium,3450,3450,high,medium,7,namesilo,,,06/10/2026 23:28
78d1fd33-35ca-4117-8ed3-af24317f1f1a,investment.financial,premium,414.2,414.2,high,low,10,spaceship,,,08/10/2026 16:18
e5577fb6-fae3-41b3-ba6c-505a582e1d3f,capital.press,premium,975,1950,high,medium,7,namecheap,,,06/10/2026 23:28
425465f2-4b95-4b32-ac4b-aa8cae2dfba7,money.villas,premium,512,512,high,medium,5,namesilo,,,09/10/2026 03:14
70092471-2731-41e2-b768-91eedcdcbb69,financial.dad,premium,257.92,257.92,high,low,9,spaceship,,,06/10/2026 23:34
2dbc1cf2-c7d9-45c5-ac0a-40faf2846bb8,money.paris,available,14.61,38.61,high,medium,5,dynadot,,,09/10/2026 03:14
9794ee22-87ea-4552-848f-6ab8a6a7f279,financial.games,premium,103.7,207.2,high,low,9,spaceship,,,06/10/2026 23:34
3ab229cd-b381-4969-a9a7-16cf7a8376e5,financial.gg,resell,,,high,low,9,"Spaceship, Inc (https://www.spaceship.com)",,,06/10/2026 23:34
c6872e03-9bb6-4a85-b51e-917dd9932540,capital.london,premium,2746.84,27.67,high,medium,7,spaceship,,,06/10/2026 23:28
d23b931c-3a38-4bdf-aabe-4db25f70274d,capital.soy,premium,164.77,164.77,high,medium,7,spaceship,,,06/10/2026 23:28
619414fe-8487-4f9a-b077-bf0d935c6f4e,funding.cash,premium,828.2,828.2,high,low,7,spaceship,,,28/09/2026 14:11
c2955c06-2047-4120-a566-08342382e607,banking.company,available,15.34,15.34,high,low,7,namesilo,,,29/09/2026 01:02
e952629a-1c3a-4ab5-8934-00982752480d,financial.love,premium,4347.2,6210.2,high,low,9,spaceship,,,06/10/2026 23:34
b53ef4d1-bd6a-49eb-b831-096fe90f9c2a,investment.cyou,premium,384,768,high,low,10,namesilo,,,08/10/2026 16:18
ec5239bc-6d42-4ef2-bae4-bef9acdea0d8,investment.rip,resell,,,high,low,10,Dynadot Inc,08/02/2026 17:00,08/02/2027 17:00,08/10/2026 16:18
e9d4376d-3d94-4c07-be3a-bdb0f7be1da1,credit.online,premium,34500,34500,high,low,6,namesilo,,,29/09/2026 09:26
f0ace97b-42ec-40cb-a97c-6193629b0b8d,financial.ltda,premium,56.64,33.04,high,low,9,namesilo,,,06/10/2026 23:34
08fe14b5-1ab6-4c7b-9541-acc2a1525428,financial.catering,premium,78.54,78.54,high,low,9,namesilo,,,06/10/2026 23:34
2fb912d5-8250-44f3-b1db-259af746aa24,investment.band,available,20.99,31.49,high,low,10,namesilo,,,08/10/2026 16:18
c1e86af5-942a-49cc-a7d5-8013cbba6f31,capital.you,premium,517.7,517.7,high,medium,7,spaceship,,,06/10/2026 23:28
919d5eb1-af4d-4733-ad85-19991fa386fc,investment.shiksha,premium,3105.2,3105.2,high,low,10,spaceship,,,08/10/2026 16:18
cac0ab90-0704-4910-ba51-119b495419ba,capital.miami,premium,5200,23.4,high,medium,7,namecheap,,,06/10/2026 23:28
859a7873-08ce-4d94-8a60-81607a5f15e1,financial.trading,premium,1365.98,2729.67,high,low,9,porkbun,,,06/10/2026 23:34
292a6692-2909-424d-b493-d9c0c0e991ad,investment.digital,resell,,,high,low,10,"Spaceship, Inc.",28/11/2021 13:15,28/11/2027 13:15,08/10/2026 16:18
3a407d06-86f8-4969-a2ce-12e74bc5f371,investment.fish,available,36.43,36.43,high,low,10,spaceship,,,08/10/2026 16:18
15ba7aa9-f4ef-4bc8-a231-becd999c2264,capital.at,resell,,,high,medium,7,Key-Systems GmbH ( https://nic.at/registrar/404 ),,,06/10/2026 23:28
5a8fc296-4863-4f48-a5dc-8f84fdf2628c,investment.dental,available,62.3,62.3,high,low,10,spaceship,,,08/10/2026 16:18
976fe641-6ab7-4e79-acaf-ce3796213015,financial.republican,available,7.25,7.25,high,low,9,namesilo,,,06/10/2026 23:34
d075c53f-55e9-4b6c-8eb9-a65abc7d513d,investment.kids,premium,390,23.4,high,low,10,namecheap,,,08/10/2026 16:18
1b7a74e1-643b-4077-b0af-ce90bdae4c20,capital.shop,premium,517.7,517.7,high,medium,7,spaceship,,,06/10/2026 23:28
3404ad25-7f78-4ddc-8969-6cab7f0ead45,investment.discount,available,30.99,30.99,high,low,10,namesilo,,,08/10/2026 16:18
1769a5f1-ddc2-4cc4-b1c9-27575bc9a223,capital.food,premium,724.7,1035.2,high,medium,7,spaceship,,,06/10/2026 23:28
fb73208c-181b-4d19-b0ac-4cd26bff3733,investment.dealer,premium,4278,2660,high,low,10,namesilo,,,08/10/2026 16:18
6d77b5e8-7ac9-4b5b-af1d-901bc079a388,investment.jewelry,premium,207.2,207.2,high,low,10,spaceship,,,08/10/2026 16:18
f5b83b53-64da-452f-bc15-df1c9473a521,financial.ryukyu,available,17.98,22.98,high,low,9,namecheap,,,06/10/2026 23:34
c8857468-558c-4a42-b141-b7022e846f52,capital.mortgage,premium,3450,3450,high,medium,7,namesilo,,,06/10/2026 23:28
581a9f74-dd55-4f65-ab1a-7a7a4306e4ea,capital.adult,available,51.95,98.53,high,medium,7,spaceship,,,06/10/2026 23:28
0f47d151-2077-4921-9351-bb43de441aa1,investment.blog,premium,640,2660,high,low,10,namesilo,,,08/10/2026 16:18
2d375a9e-d60b-4a60-ba4f-e9e972af53b8,investment.fund,premium,512,512,high,low,10,namesilo,,,08/10/2026 16:18
76e4e5eb-2c21-438d-bc3b-6a0e458e7492,investment.photography,available,13.5,29.18,high,low,10,unstoppable,,,08/10/2026 16:18
c614c683-33c1-4925-8c55-9b38c7a16cc1,investment.date,premium,384,116,high,low,10,namesilo,,,08/10/2026 16:18
cebcdc43-442c-42fb-a908-59e9cd009fe9,money.ltda,premium,56.64,33.04,high,medium,5,namesilo,,,09/10/2026 03:14
20c3ccab-9769-4e24-a428-db7384dfeac6,capital.green,premium,550,550,high,medium,7,dynadot,,,06/10/2026 23:28
4892faa6-d3a1-448f-8864-442cf7b35ea4,financial.xyz,resell,,,high,low,9,"Sav.com, LLC",23/11/2021 00:58,23/11/2026 23:59,06/10/2026 23:34
a763b50b-9b56-4018-bf6a-06d65bb9cb43,financing.markets,premium,,,high,low,9,,,,29/09/2026 12:21
a110b44a-eee9-4ba5-8b6d-606d48f6e5e1,money.gay,premium,2660,2660,high,medium,5,namesilo,,,09/10/2026 03:14
1a92bf22-7395-44c7-bea3-860d9b61b3dc,financial.photos,available,7.96,24.01,high,low,9,spaceship,,,06/10/2026 23:34
f3732c47-9f92-4546-ab6c-5183dfdb70f5,money.miami,premium,5200,23.4,high,medium,5,namecheap,,,09/10/2026 03:14
61c1c4d0-a72d-43eb-b843-ff5540b15f5f,financial.onl,premium,53.92,116,high,low,9,namesilo,,,06/10/2026 23:34
db29f00c-217b-45f1-8ffd-fe70026db297,capital.associates,premium,68.51,68.51,high,medium,7,spaceship,,,06/10/2026 23:28
1d28b5ab-8b70-4100-8dfc-bb9b5d6999a3,investment.futbol,available,7.49,7.49,high,low,10,namesilo,,,08/10/2026 16:18
6db6e22f-424b-4c1b-a356-396b6d0ece94,investment.rent,resell,,,high,low,10,"GoDaddy.com, LLC",11/12/2025 16:30,11/12/2026 23:59,08/10/2026 16:18
25da00e1-ea13-4c58-b379-3b7f445992cb,capital.yoga,premium,242,29.5,high,medium,7,namesilo,,,06/10/2026 23:28
b66a622b-8142-4f95-8a24-90ba051352df,investment.sexy,available,2587.7,2587.7,high,low,10,spaceship,,,08/10/2026 16:18
60ef0912-cd26-4d7c-96da-dc9e5a904079,money.gripe,premium,68.51,68.51,high,medium,5,spaceship,,,09/10/2026 03:14
fbbbb9fb-abb0-4a49-8aaf-75cccf677105,credit.reise,available,77.83,77.83,high,low,6,spaceship,,,29/09/2026 09:26
8a395b83-bebf-4326-905e-1b401b7d8a6c,investment.army,available,15.73,31.25,high,low,10,spaceship,,,08/10/2026 16:18
6d904ab7-6899-432f-915a-c49d2cd5df40,financial.equipment,resell,,,high,low,9,Dynadot Inc,12/02/2014 19:33,12/02/2027 19:33,06/10/2026 23:34
939a1a6e-6e78-4019-a0a4-a397dfaaecbc,banking.eu,resell,,,high,low,7,Name: TLD Registrar Solutions Ltd Website: https://www.tldregistrarsolutions.com/,,,29/09/2026 01:02
60704140-5f9a-412a-bcc6-38c8d704a532,capital.viajes,available,99.99,99.99,high,medium,7,namesilo,,,06/10/2026 23:28
1195771f-2515-4573-b0fc-c9c993ba801b,money.mortgage,premium,880,880,high,medium,5,dynadot,,,09/10/2026 03:14
18f3c5c6-2a89-4362-bd5c-8ec4c2f6ca69,capital.free,premium,640,640,high,medium,7,namesilo,,,06/10/2026 23:28
d5dd1e61-83ff-4fbe-9867-1d9e5175c8b0,capital.storage,available,465.95,500.2,high,medium,7,spaceship,,,06/10/2026 23:28
f8ad8777-4c60-4c3c-986a-6b1bf797ee5e,investment.courses,premium,1107,1107,high,low,10,namesilo,,,08/10/2026 16:18
e2b4b270-7785-4a45-a511-531f9d2edba2,investment.forsale,premium,118.8,118.8,high,low,10,namesilo,,,08/10/2026 16:18
66023b30-a82d-4d0c-b645-f420b4f347c9,investment.repair,available,12.99,36.99,high,low,10,namesilo,,,08/10/2026 16:18
8d119a1f-ca89-4e5d-b822-7e7cbdf1a6c5,money.plumbing,available,58.16,58.16,high,medium,5,spaceship,,,09/10/2026 03:14
1bcd03db-e545-43f8-bd71-749b736279e7,credit.shopping,premium,500,,high,low,6,name.com,,,29/09/2026 09:26
a73172b5-ceb6-4253-a1f9-6fca9e4c8424,capital.sexy,available,2749.99,2749.99,high,medium,7,namesilo,,,06/10/2026 23:28
c7ad9e42-18d6-4be4-a7ea-4a6236db9929,money.horse,premium,1040,32.5,high,medium,5,namecheap,,,09/10/2026 03:14
54c7b3c3-97fb-4346-844b-9f0d10b817c0,financing.cash,premium,512,512,high,low,9,namesilo,,,29/09/2026 12:21
a4c02617-3895-4d3d-be1e-c45f66eee9a1,credit.courses,premium,1035.2,1035.2,high,low,6,spaceship,,,29/09/2026 09:26
9cdb2c20-b59f-46c4-b8a5-0742cc76b655,investment.motorcycles,available,1.24,13.97,high,low,10,spaceship,,,08/10/2026 16:18
3f9c4721-f950-4d90-b359-311d31c6296b,money.plus,resell,,,high,medium,5,"NameCheap, Inc.",08/07/2015 16:00,08/07/2027 16:00,09/10/2026 03:14
6e32cd66-33f2-48ee-be27-e63ee50bcd32,financial.college,premium,640,640,high,low,9,namesilo,,,06/10/2026 23:34
8f16a19c-a5d8-4a87-a94e-c53346970b15,money.food,premium,724.7,1035.2,high,medium,5,spaceship,,,09/10/2026 03:14
f5de6f3e-3417-42fd-be54-db7fa63ef834,capital.mobile,premium,390,390,high,medium,7,namecheap,,,06/10/2026 23:28
bb8003ed-5d6a-4910-9281-469bb90a806f,investment.fan,premium,102.67,102.67,high,low,10,spaceship,,,08/10/2026 16:18
0c43191f-cf03-49fb-8f86-51392aad9611,investment.viajes,available,99.99,99.99,high,low,10,namesilo,,,08/10/2026 16:18
3b91cb07-69b4-4135-a202-f35f2e672eea,capital.realty,premium,724.7,1035.2,high,medium,7,spaceship,,,06/10/2026 23:28
64dd38a9-1afc-43d7-afb2-800db926ca86,investment.news,premium,1107,1107,high,low,10,namesilo,,,08/10/2026 16:18
0e77bc1a-c202-49b5-8b42-8ff1f19ad5b1,credit.sbs,premium,384,768,high,low,6,namesilo,,,29/09/2026 09:26
50ae3061-a64f-4409-9824-b99fbd898400,investment.design,premium,325,325,high,low,10,namecheap,,,08/10/2026 16:18
85934d77-9333-43de-a5d1-835a62c95782,financial.flowers,available,107.22,107.22,high,low,9,dynadot,,,06/10/2026 23:34
a64a3313-b97d-4de7-834a-8d1ba21b4ffc,investment.broker,premium,5175.2,5175.2,high,low,10,spaceship,,,08/10/2026 16:18
ba4f3721-36a2-4a70-95e7-a8e9bd40bcb5,investment.reise,available,27.89,97.99,high,low,10,namesilo,,,08/10/2026 16:18
c30d20fa-b432-47e6-a64b-0f0b8b91f729,money.energy,resell,,,high,medium,5,Porkbun LLC,28/01/2020 23:12,28/01/2027 23:12,09/10/2026 03:14
31c0e0e0-535c-4ccf-85ef-4956973a2cce,investment.ooo,premium,496800,318.72,high,low,10,namesilo,,,08/10/2026 16:18
1a0a037f-b150-4589-b71c-361dd4e0002d,market.ing,premium,32750.27,32750.27,high,medium,6,porkbun,,,01/10/2026 17:41
41a7e3c9-6273-4ee7-918e-238c3a1055d6,credit.rodeo,premium,207.2,10.55,high,low,6,spaceship,,,29/09/2026 09:26
05ffdfe3-a76a-4f10-9d88-dbcb746dd6f0,financial.memorial,available,106.15,106.15,high,low,9,dynadot,,,06/10/2026 23:34
59bf6655-5a73-4ec9-bc05-cf54a74e806f,financial.fish,premium,68.51,68.51,high,low,9,spaceship,,,06/10/2026 23:34
d533ccd0-0057-46b4-ae57-a1f8809e77a0,financial.tax,premium,242,242,high,low,9,namesilo,,,06/10/2026 23:34
f30b17e8-231f-4f39-b76d-13b859d242b0,loan.pro,resell,9568,33.99,high,low,4,Porkbun LLC,22/08/2005 00:00,22/08/2027 00:00,08/10/2026 05:22
98050cb7-42ca-4b16-88bf-7df2fd991208,banking.rentals,available,6.41,35.39,high,low,7,spaceship,,,29/09/2026 01:02
7b9b6763-5679-4692-bc7c-0bd0211cbd34,financial.lighting,available,18.83,18.83,high,low,9,spaceship,,,06/10/2026 23:34
090762b5-83a3-44bc-b32b-8a925681fc31,capital.cam,resell,,,high,medium,7,Dynadot Inc,11/08/2026 20:59,11/08/2027 23:59,06/10/2026 23:28
7c0ace98-3417-4d95-ae47-6ebd6e21b7f1,capital.fitness,premium,260,260,high,medium,7,namecheap,,,06/10/2026 23:28
f76ff93d-a844-4688-abb6-de03510b5f8a,capital.ong,available,15.2,15.2,high,medium,7,cloudflare,,,06/10/2026 23:28
99210a0a-d77f-45c1-9b51-0fde92a04600,credit.express,resell,,,high,low,6,,,,29/09/2026 09:26
d47c134e-ee6b-42cd-832b-bbafc4821874,money.marketing,resell,,,high,medium,5,"Spaceship, Inc.",01/07/2019 17:57,01/07/2027 17:57,09/10/2026 03:14
729b72e8-7015-4d06-86ca-0e109b3a663c,investment.photos,available,7.96,24.01,high,low,10,spaceship,,,08/10/2026 16:18
d841d280-d66e-474e-b006-4468458a7c28,financial.bike,available,12.99,38.99,high,low,9,namesilo,,,06/10/2026 23:34
44d25148-ec4a-4b76-8fff-e193a23f90df,financial.golf,available,7,64.99,high,low,9,unstoppable,,,06/10/2026 23:34
1b934319-3eb8-4231-aea4-c86ec4a23f6e,capital.now,resell,,,high,medium,7,Dynadot Inc,08/01/2025 08:41,08/01/2027 08:41,06/10/2026 23:28
8cd0e15e-9936-4825-8dda-42a1bbf7f504,capital.hockey,available,47.81,47.81,high,medium,7,spaceship,,,06/10/2026 23:28
bb36f443-05f0-4477-bc5a-d3eca22a2296,money.observer,premium,828.2,828.2,high,medium,5,spaceship,,,09/10/2026 03:14
d160ba5b-7b7f-4132-8089-f9e01c65d4d9,credit.how,premium,92.32,92.32,high,low,6,spaceship,,,29/09/2026 09:26
07ba8ec5-ec46-46c4-9df1-0dcb1f9e2a1d,credit.christmas,premium,2070.2,2070.2,high,low,6,spaceship,,,29/09/2026 09:26
04bf4d0e-1f43-4d59-83d6-fa018c3ed2a1,credit.dealer,premium,4278,2660,high,low,6,namesilo,,,29/09/2026 09:26
8c6fb4e6-9d2c-45db-960d-e99750119ad3,capital.mx,resell,,,high,medium,7,NEUBOX Internet SA de CV,31/05/2009 00:00,30/05/2027 00:00,06/10/2026 23:28
1b7e7fcd-166c-471b-8c1b-0b43d6578bc3,money.forex,premium,1100,1100,high,medium,5,dynadot,,,09/10/2026 03:14
ba0f12cf-bb94-436f-9acd-60fe6b13ff41,fund.immobilien,available,30.22,30.22,high,low,4,spaceship,,,28/09/2026 08:44
d95e3b46-9a40-4408-942c-b2b71f6beb63,financial.luxury,available,26,26,high,low,9,spaceship,,,06/10/2026 23:34
4834b6e0-a03b-444c-9afb-8e3faaffff99,financial.car,available,1999.99,2199,high,low,9,namesilo,,,06/10/2026 23:34
90d7b7ed-24ef-4eb0-9423-cc206b1dd504,money.catering,premium,207.2,207.2,high,medium,5,spaceship,,,09/10/2026 03:14
4c627f9f-0aa8-4bc7-9f67-388a4439b2f8,financial.associates,premium,102.67,102.67,high,low,9,spaceship,,,06/10/2026 23:34
de0d8889-6c85-49f4-a58c-b3221098117e,financial.bingo,available,42.64,42.64,high,low,9,spaceship,,,06/10/2026 23:34
fdb474e7-5d2d-4f68-b2fb-b540cbb302cc,financial.flights,premium,36.32,72.57,high,low,9,porkbun,,,06/10/2026 23:34
a82bb2e7-2afe-4c34-96ce-fc73ccd6feb7,investment.sh,resell,,,high,low,10,"Sav.com, LLC",16/04/2025 10:27,16/04/2027 10:27,08/10/2026 16:18
fbd728a6-9f98-47ef-a667-564c9007b6ad,investment.maison,available,45.74,45.74,high,low,10,spaceship,,,08/10/2026 16:18
937ccd02-207a-4325-8e39-a68e8e8cea3d,credit.capital,resell,,,high,low,6,"Spaceship, Inc.",29/09/2020 14:15,29/09/2027 14:15,30/09/2026 04:41
b0719ba4-8772-4d46-820a-82166e826dfe,investment.beer,available,2.19,32.49,high,low,10,namesilo,,,08/10/2026 16:18
84522032-5319-4977-a59f-ad406a11d17c,credit.coffee,available,6.41,34.36,high,low,6,spaceship,,,29/09/2026 09:26
426750fc-ac7e-455c-904c-11d950f71d18,money.vodka,premium,854,29.5,high,medium,5,namesilo,,,09/10/2026 03:14
ce27d763-bb78-4dd5-b438-a0a1496cbbdf,accounting.cash,resell,,,high,low,10,"DNSPod, Inc.",20/01/2022 14:57,20/01/2027 14:57,08/10/2026 18:10
99acef98-e3a6-49fa-a608-4bad88f6d1c5,investment.gay,premium,302.5,302.5,high,low,10,namesilo,,,08/10/2026 16:18
8bde6bb2-b7db-4e98-abc3-72cecb8d368d,credit.luxury,available,26,26,high,low,6,spaceship,,,29/09/2026 09:26
c839e190-e744-48e8-b058-971c7fa7adc1,credit.photography,available,13.5,,high,low,6,unstoppable,,,29/09/2026 09:26
7bd90d37-26a7-4036-8aff-45fcd2402b02,fund.srl,premium,54.28,30.68,high,low,4,namesilo,,,28/09/2026 08:44
a002dc92-7c34-48e5-b33a-ff8e01ecf26b,loan.management,resell,,,high,low,4,Dynadot Inc,27/08/2016 11:36,27/08/2027 11:36,26/09/2026 07:17
b79f0534-8265-4fbe-904d-6e9cb63828b7,investment.associates,resell,,,high,low,10,"Blue Razor Domains, LLC",23/07/2014 16:00,23/07/2027 16:00,08/10/2026 16:18
51447802-080e-4785-9658-bae0bbb90e81,credit.jewelry,available,10.92,53.72,high,low,6,dynadot,,,29/09/2026 09:26
28f9c47c-e0bc-4036-be77-255684dba120,credit.trading,premium,500,,high,low,6,name.com,,,29/09/2026 09:26
bfabaecd-b2b5-4d37-9471-308e83064752,fund.ong,premium,550,275,high,low,4,dynadot,,,28/09/2026 08:44
5284f2cc-d291-4ff3-8c7d-584c84696836,financial.photography,available,6.41,29.18,high,low,9,spaceship,,,06/10/2026 23:34
ccd97a30-a667-4838-9e6b-a8b11e4e2c20,financial.sucks,available,213.15,213.15,high,low,9,dynadot,,,06/10/2026 23:34
0bc365cd-ded4-44c5-ba67-f18e5a1d855b,credit.deal,premium,517.7,517.7,high,low,6,spaceship,,,29/09/2026 09:26
5d123b91-aaba-4241-aa76-b5b67a703d48,loan.bargains,premium,242,242,high,low,4,namesilo,,,25/09/2026 09:02
21b27db9-b0a7-4cf8-bf6e-a34498f758c1,capital.bayern,available,34.99,34.99,high,medium,7,namesilo,,,06/10/2026 23:28
121d0145-a3be-4113-b7e7-3506f7f5c570,investment.cab,available,26.08,26.08,high,low,10,spaceship,,,08/10/2026 16:18
3be6fdae-818e-42d9-8ae9-38cdd8b8b874,capital.airforce,available,83,83,high,medium,7,spaceship,,,06/10/2026 23:28
b1252ba8-23eb-4239-b0f1-b3691c235560,banking.builders,available,27.2,27.2,high,low,7,cloudflare,,,29/09/2026 01:02
4b32b1bf-a7da-482e-bec9-a579a130e8e4,financial.men,premium,448,53.92,high,low,9,namesilo,,,06/10/2026 23:34
45221eda-a452-49d4-93bd-63667ba37bbb,financial.one,premium,517.7,517.7,high,low,9,spaceship,,,06/10/2026 23:34
caac148b-ca49-4583-9a44-4df1b6f4f733,credit.cab,available,13.06,26.97,high,low,6,dynadot,,,29/09/2026 09:26
3f213736-ad1e-440e-a130-c38e5e69e3cf,credit.ltda,premium,52.92,31.09,high,low,6,porkbun,,,29/09/2026 09:26
63c3bc9b-ef1b-4c43-b4bd-12c275d4f1d0,money.car,available,1863.2,2064.2,high,medium,5,spaceship,,,09/10/2026 03:14
34acfb9d-0912-4d43-9703-59b575dd9018,financial.creditcard,premium,207.2,207.2,high,low,9,spaceship,,,06/10/2026 23:34
70fc5802-d3c4-46d2-b1f2-079e670d8711,management.tech,premium,3450,3450,high,low,10,namesilo,,,19/09/2026 14:24
0b952e23-ceb7-418e-8010-42e8864f9548,fund.place,resell,,,high,low,4,Dynadot Inc,17/03/2025 15:15,17/03/2027 15:15,28/09/2026 08:44
660e8aa8-8f53-4a2e-83bd-68fbf303acd7,banking.care,premium,103.7,207.2,high,low,7,spaceship,,,29/09/2026 01:02
ad986f0c-72ec-4bc4-9364-b59b0e532714,capital.charity,premium,242,242,high,medium,7,namesilo,,,06/10/2026 23:28
b9eb4950-a870-42d0-9d97-ac517bde56d9,capital.tickets,available,393.98,608.98,high,medium,7,namecheap,,,06/10/2026 23:28
c8ae1700-f6b4-408b-b204-b3c1c23d4da3,capital.express,resell,,,high,medium,7,"Spaceship, Inc.",30/09/2018 08:49,30/09/2027 08:49,06/10/2026 23:28
eee341b2-0449-4158-a01c-25c9c73d4e9a,investment.today,resell,,,high,low,10,"DNSPod, Inc.",29/07/2020 06:55,29/07/2027 06:55,08/10/2026 16:18
a2d5ccd8-f2ed-4551-922a-e977b0b86434,money.uno,premium,2587.7,2587.7,high,medium,5,spaceship,,,09/10/2026 03:14
26bde396-faae-45d8-bfd9-700eab0a0dc0,financial.rsvp,premium,257.92,257.92,high,low,9,spaceship,,,06/10/2026 23:34
03c076b1-4f02-4d82-a98c-1d5d347c7d58,investment.desi,available,19.98,22.98,high,low,10,namecheap,,,02/10/2026 08:11
859c11ae-3d18-4790-b838-dbd64950ecf8,capital.uno,premium,3250,3250,high,medium,7,namecheap,,,06/10/2026 23:28
3bfef604-8ee7-4c51-a5df-3e5805691a85,financial.gives,premium,78.54,78.54,high,low,9,namesilo,,,06/10/2026 23:34
14474297-b58a-4ec3-90a2-64d2f08bf10d,credit.broker,premium,6250,,high,low,6,name.com,,,29/09/2026 09:26
f9357624-9507-47e2-88b2-78e54423b159,management.mortgage,premium,242,242,high,low,10,namesilo,,,19/09/2026 14:24
e0cd0643-f4fd-4092-b86a-a55a605011e8,credit.day,premium,623.75,,high,low,6,name.com,,,29/09/2026 09:26
19e8d2b0-3f03-4eea-9b02-c15c5fa57eef,capital.land,resell,,,high,medium,7,"Name.com, Inc.",06/03/2014 08:08,06/03/2027 08:08,06/10/2026 23:28
27807420-ee21-4f8b-bc6c-24f080f50dd8,accounting.money,resell,,,high,low,10,"Sav.com, LLC - 43",11/03/2026 15:15,11/03/2027 15:15,08/10/2026 18:10
731a9b73-5f76-4e86-8f58-ebb5ded92b6d,money.love,premium,5796.2,8280.2,high,medium,5,spaceship,,,09/10/2026 03:14
fe8c5c54-c03d-4beb-90d9-27cf81116b71,investment.luxe,premium,2070.2,15.73,high,low,10,spaceship,,,08/10/2026 16:18
4f3d470b-6725-4c0c-a3d7-26f8e794d2f6,investment.gives,available,21.7,21.7,high,low,10,cloudflare,,,08/10/2026 16:18
c325191a-4eb7-47b1-ac6b-f560f35529a9,stock.store,premium,2500.2,3250,high,medium,5,unstoppable,,,08/10/2026 06:33
54378413-bceb-443a-a613-d19ade19e7e1,capital.boo,premium,516.67,516.67,high,medium,7,spaceship,,,06/10/2026 23:28
e6720974-2d50-4afb-a1a3-af2f975a6ffa,money.accountants,premium,414.2,414.2,high,medium,5,spaceship,,,09/10/2026 03:14
7cfae97e-baa2-44d8-a1a8-434548c222db,investment.lifestyle,premium,724.7,1035.2,high,low,10,spaceship,,,08/10/2026 16:18
e3cfe4ec-4f75-42cd-ae86-d0f744ed7903,capital.restaurant,premium,102.67,102.67,high,medium,7,spaceship,,,06/10/2026 23:28
1935f791-aa3f-428a-987f-02478a7322cb,investment.plumbing,available,72.99,72.99,high,low,10,namesilo,,,08/10/2026 16:18
7123c6b5-04bd-46ae-b238-5e239f5dab4b,money.gifts,resell,,,high,medium,5,"Spaceship, Inc.",29/01/2020 13:37,29/01/2027 13:37,09/10/2026 03:14
5edb7571-41ad-4761-8df9-7681ca18d598,loan.tennis,available,65.99,65.99,high,low,4,namesilo,,,25/09/2026 09:02
b4ca0dd5-11bc-4926-b465-13c836efab37,credit.mobile,premium,1092.18,1092.18,high,low,6,porkbun,,,29/09/2026 09:26
9c5b6bc8-25f6-4df0-831a-7731adf52e27,banking.diamonds,available,42.2,42.2,high,low,7,cloudflare,,,29/09/2026 01:02
b0354ab9-b014-483f-badc-b50d0ea9282d,loan.online,premium,8125,32500,high,low,4,namecheap,,,25/09/2026 09:02
0f0f036e-6067-4edc-a2ab-605ab541e67b,financial.events,premium,512,512,high,low,9,namesilo,,,06/10/2026 23:34
10dbc146-c100-413f-90b8-547ace5bb84f,market.investments,premium,242,242,high,medium,6,namesilo,,,19/09/2026 13:41
b04c4b29-7c7b-441f-947f-47b77b4c6172,financial.party,premium,448,53.92,high,low,9,namesilo,,,06/10/2026 23:34
3c89bd31-4ba3-4678-b49a-1428a4fda2e2,loan.vacations,available,38.99,38.99,high,low,4,namesilo,,,25/09/2026 09:02
30a5c669-0082-4ea5-8401-fed1396e6b62,investment.vodka,premium,47.2,29.5,high,low,10,namesilo,,,08/10/2026 16:18
52a906d7-1a50-4fc1-8020-6d1b63e0dcef,banking.airforce,available,80.2,80.2,high,low,7,cloudflare,,,29/09/2026 01:02
810f755b-027f-4bda-a3ee-53e3c82d85f4,investment.cfd,premium,330,660,high,low,10,dynadot,,,08/10/2026 16:18
060c3980-1e51-4db5-b623-e0f703c048cb,loan.paris,available,66.98,66.98,high,low,4,namecheap,,,25/09/2026 09:02
60ce6f94-b352-4dc9-9630-33ff52576420,banking.recipes,available,4.86,62.3,high,low,7,spaceship,,,29/09/2026 01:02
e81854bc-81a0-41b9-ba60-d448038510ec,investment.pink,available,14.49,25.99,high,low,10,namesilo,,,08/10/2026 16:18
aba11b6e-9d1b-436d-a0b4-010e18ba2892,capital.kim,resell,,,high,medium,7,Dynadot Inc,13/02/2026 17:49,13/02/2027 17:49,06/10/2026 23:28
319ca4e8-e7c5-45de-bdcf-d308e71adc2e,credit.film,premium,116,116,high,low,6,namesilo,,,29/09/2026 09:26
909ef69a-7b3a-4d2f-8e46-8d262125f835,investment.moi,available,25.99,25.99,high,low,10,namesilo,,,08/10/2026 16:18
fe6a1ee3-c637-49fb-bdad-21826a742bdf,financial.center,resell,,,high,low,9,"GoDaddy.com, LLC",11/08/2015 04:45,11/08/2027 04:45,06/10/2026 23:34
c24b83ea-27df-47fe-82eb-8b4cb4946436,banking.giving,available,6.41,22.39,high,low,7,spaceship,,,29/09/2026 01:02
09956907-f4cc-4c98-ae35-e93dbf99cf82,investment.republican,available,7.25,7.25,high,low,10,namesilo,,,08/10/2026 16:18
7b9035f9-c43a-4254-a4a0-2801f0b16c15,capital.vet,available,41.99,41.99,high,medium,7,namesilo,,,06/10/2026 23:28
ee236159-521f-47c9-8427-5fb6c5683dc6,investment.website,premium,6900,6900,high,low,10,namesilo,,,08/10/2026 16:18
27a3bd8c-cb33-4847-aedc-260ac02d19e8,financial.restaurant,available,20,50.2,high,low,9,unstoppable,,,06/10/2026 23:34
09c1fed8-99fd-42d8-9d0a-27b7dd79ba67,loan.salon,available,57.99,57.99,high,low,4,namesilo,,,25/09/2026 09:02
087143e1-96eb-4841-b619-f2658c3cc045,financial.sarl,available,5.2,5.2,high,low,9,cloudflare,,,06/10/2026 23:34
7beaea98-508b-4915-8eda-0ceb5ab7fccc,financing.place,available,22.49,22.49,high,low,9,namesilo,,,29/09/2026 12:21
eda10f73-4b93-40af-93a9-4636e5ef0c10,money.vacations,premium,242,242,high,medium,5,namesilo,,,09/10/2026 03:14
34b70af4-7745-4ab5-99bf-2e66e13f8135,banking.camp,available,62.99,62.99,high,low,7,namesilo,,,29/09/2026 01:02
e21b4c23-f09a-4021-8d23-16b80cdd68cd,equity.fund,premium,828.2,828.2,high,low,6,spaceship,,,30/09/2026 01:33
b5c55b74-fca8-44ef-ac61-f238d25a0996,banking.equipment,available,22.97,22.97,high,low,7,spaceship,,,29/09/2026 01:02
7a95f1d2-41cb-4a58-93ef-6ee5c559713a,credit.observer,premium,854,854,high,low,6,namesilo,,,29/09/2026 09:26
9952430d-c174-4e20-950a-092fe82d262b,investment.work,premium,3450,11.8,high,low,10,namesilo,,,08/10/2026 16:18
78eb5cbb-2643-41bc-af64-3c5291c0dd99,loan.cyou,premium,390,780,high,low,4,namecheap,,,25/09/2026 09:02
696b28f8-0d7d-4433-8dc7-c8981a32d5f9,financial.coupons,available,5.5,45.16,high,low,9,unstoppable,,,06/10/2026 23:34
c5396607-ab45-4793-a2c0-55d7d973b643,banking.gay,premium,302.5,302.5,high,low,7,namesilo,,,29/09/2026 01:02
33ca1316-2c75-4af9-8b3f-c9326a82e5bf,credit.claims,premium,414.2,414.2,high,low,6,spaceship,,,29/09/2026 09:26
9d39cfa2-154c-477f-ad21-9c8f16e5804b,banking.taxi,available,7.96,49.88,high,low,7,spaceship,,,29/09/2026 01:02
8c235e9a-5ade-41cd-bd82-12b5409d2694,fund.reise,available,77.83,77.83,high,low,4,spaceship,,,28/09/2026 08:44
4346bf6b-dafd-48f7-a892-69db9c829059,banking.productions,available,5.89,32.29,high,low,7,spaceship,,,29/09/2026 01:02
53e41028-9907-44b2-b871-a572690ae97c,banking.loans,premium,242,242,high,low,7,namesilo,,,29/09/2026 01:02
0d3469b7-d1ff-42ff-8e4b-e518349c8a78,management.ltda,premium,56.64,33.04,high,low,10,namesilo,,,19/09/2026 14:24
40fd4069-dceb-4a6a-81c4-a5510a476811,funding.hosting,available,279.65,341.75,high,low,7,spaceship,,,28/09/2026 14:11
b47133bc-e837-49f1-86d1-e1b5f5f0d69c,financing.dealer,premium,1604.45,2070.2,high,low,9,spaceship,,,29/09/2026 12:21
9f772b65-ca98-4d84-8707-505a25b4eb27,banking.wedding,available,32.49,32.49,high,low,7,namesilo,,,29/09/2026 01:02
5f489f5a-697d-4b94-a255-4ba08f1d5ba7,financing.gratis,available,18.83,18.83,high,low,9,spaceship,,,29/09/2026 12:21
4382734a-815c-4415-b129-9b2bc6a37c23,financing.money,premium,,,high,low,9,,,,29/09/2026 12:21
39ee598a-d1e5-4e4b-922c-4f3206fdeedd,money.software,premium,3450,3450,high,medium,5,namesilo,,,09/10/2026 03:14
9bbe1dad-020a-4f30-b767-8f02672af355,financing.bond,premium,390,780,high,low,9,namecheap,,,29/09/2026 12:21
4fc729d5-b272-4fde-975d-ddb63dd519e3,investment.soccer,available,30.48,32.98,high,low,10,namecheap,,,08/10/2026 16:18
bea6c67f-9ed7-405d-8bab-23fc5164145a,investment.review,premium,5175.2,103.7,high,low,10,spaceship,,,08/10/2026 16:18
f1232d49-892e-44fd-90f1-a8e077796c55,capital.meme,premium,362.45,362.45,high,medium,7,spaceship,,,06/10/2026 23:28
d1c097c6-5ebd-45cf-ab87-ada7dcb754c9,funding.ong,premium,650,325,high,low,7,namecheap,,,28/09/2026 14:11
0d3e45ba-a10f-46dd-8cef-b31a38a4d182,funding.limited,available,36.99,36.99,high,low,7,namesilo,,,28/09/2026 14:11
175edfb6-6d50-4710-a372-f649a4beb4ed,capital.forsale,premium,118.8,118.8,high,medium,7,namesilo,,,06/10/2026 23:28
cf3cd15b-e199-4fb1-9ac9-cf26bb93eb10,financial.soccer,available,20.9,20.9,high,low,9,spaceship,,,06/10/2026 23:34
5dc63bb4-c8db-418b-9d36-b14e3c09881b,loan.cheap,resell,,,high,low,4,"Global Domains International, Inc. DBA DomainCostClub.com",31/01/2026 15:15,31/01/2027 15:15,26/09/2026 07:17
7f0bb6bd-7888-4472-b48c-c9ef7f1069fb,loan.industries,premium,118.8,118.8,high,low,4,namesilo,,,25/09/2026 09:02
f069b3c5-05d0-4d16-8b05-1844da439512,financial.miami,premium,5520,21.24,high,low,9,namesilo,,,06/10/2026 23:34
88fcd0e5-8e71-4924-8336-81a708ccb7d8,financial.maison,available,57.99,57.99,high,low,9,namesilo,,,06/10/2026 23:34
6d614ab6-4867-4327-87ca-c2e0ce4f4777,credit.bingo,available,51.98,68.98,high,low,6,namecheap,,,29/09/2026 09:26
0578b247-49cf-4a4f-be4d-0d0738befe3d,money.memorial,available,134.99,134.99,high,medium,5,namesilo,,,09/10/2026 03:14
4bed223d-7f25-4fcb-86d2-ff82b537c6e8,credit.rsvp,premium,516.67,516.67,high,low,6,spaceship,,,29/09/2026 09:26
fe2e951c-5c0a-4c19-abcc-d88d7a94446f,fund.berlin,resell,,,high,low,4,,08/04/2015 08:29,08/04/2027 08:29,28/09/2026 08:44
de08fb4f-a805-419e-a78b-8b6b47870df1,capital.hosting,available,279.65,341.75,high,medium,7,spaceship,,,06/10/2026 23:28
a8130057-de4f-43f3-8487-0ec3b6cb5c83,credit.green,premium,640,640,high,low,6,namesilo,,,29/09/2026 09:26
bb018839-ccb7-4c61-af0e-15e9d3d571d3,banking.business,premium,,,high,low,7,1API GmbH,09/12/2014 17:34,09/12/2026 17:34,29/09/2026 01:02
41a6c6c7-1b79-43a5-abf9-eedec11a2b40,stock.deal,premium,1035.2,1035.2,high,medium,5,spaceship,,,08/10/2026 06:33
3847c30d-d91d-493e-9ec0-b37f3955ca54,loan.engineering,premium,242,242,high,low,4,namesilo,,,25/09/2026 09:02
1685e0c6-2384-4a3a-8538-a18ed6dad211,financial.boston,premium,96,21.24,high,low,9,namesilo,,,06/10/2026 23:34
b49d04f1-f77a-4a08-9278-35d848f8d6fb,financial.ngo,premium,65,32.5,high,low,9,namecheap,,,06/10/2026 23:34
472cb9e0-d76a-43e0-ade6-efa2edfdc7bc,investment.fans,premium,110,110,high,low,10,dynadot,,,08/10/2026 16:18
ee61b4ea-41e3-4f7e-aba7-f6bc286f7de4,fund.rsvp,premium,648.7,648.7,high,low,4,namecheap,,,28/09/2026 08:44
c47badf7-cb17-4aeb-854e-313fbfa101f3,financial.boutique,resell,,,high,low,9,"Sav.com, LLC - 16",20/12/2025 15:15,20/12/2026 15:15,06/10/2026 23:34
395be22c-8aae-4b41-80ff-75c38a422f0a,banking.discount,available,24.01,24.01,high,low,7,spaceship,,,29/09/2026 01:02
4d3b29d6-d2d6-48a2-91d2-0940741744d3,capital.gay,premium,258.95,258.95,high,medium,7,spaceship,,,06/10/2026 23:28
f758ac93-c9f9-4f43-8567-a2b99a975d8e,financial.reisen,available,16.76,16.76,high,low,9,spaceship,,,06/10/2026 23:34
889a81b6-53dd-4003-8ccd-cd4764b873bd,investment.storage,available,509.99,529.99,high,low,10,namesilo,,,08/10/2026 16:18
b82b1e9e-402f-4b4d-818d-365bef4139bd,financial.salon,available,44.2,44.2,high,low,9,cloudflare,,,06/10/2026 23:34
12fa2621-ba8b-4fb4-843b-03d984b4c7f4,funding.site,premium,258.95,1035.2,high,low,7,spaceship,,,28/09/2026 14:11
f3cc8484-7a60-4178-a4a2-d3522206b221,financial.archi,available,14.98,132.98,high,low,9,namecheap,,,06/10/2026 23:34
5144c2b3-3dfb-4732-bfed-42c91c1fbb8e,credit.wiki,premium,258.95,258.95,high,low,6,spaceship,,,29/09/2026 09:26
c69ad38d-4680-46f1-b23a-69ab4f5740db,loan.center,premium,242,242,high,low,4,namesilo,,,25/09/2026 09:02
92af021b-42da-4df3-ad7b-5a5b4cade579,loan.run,premium,242,242,high,low,4,namesilo,,,25/09/2026 09:02
9e82a336-dc3b-4fcf-95c2-44a5c7a055a9,capital.florist,available,26.08,26.08,high,medium,7,spaceship,,,06/10/2026 23:28
3c0ef9b2-6449-4604-a5d5-c0f81f3fe8c8,loan.fail,premium,78.54,78.54,high,low,4,namesilo,,,25/09/2026 09:02
b7909d90-6b17-4b75-b0da-f9aba6f27dd1,financial.spot,premium,500.5,640,high,low,9,unstoppable,,,06/10/2026 23:34
17103959-273d-4296-8f1e-59472bd2e41e,banking.coupons,premium,12420,12420,high,low,7,namesilo,,,29/09/2026 01:02
0407f47c-0569-4010-a361-71dae307e4c1,money.supplies,premium,854,854,high,medium,5,namesilo,,,09/10/2026 03:14
7b90cf8b-1122-4ff9-afe7-e021f8fabf1f,credit.travel,available,27.99,149.99,high,low,6,namesilo,,,29/09/2026 09:26
8de5ec91-160e-4c99-8094-a9b524517789,financial.international,premium,118.8,118.8,high,low,9,namesilo,,,06/10/2026 23:34
b96382d9-01ec-475e-82ca-61bba7cf7caf,loan.health,premium,1107,71.4,high,low,4,namesilo,,,25/09/2026 09:02
adda4926-815b-4922-804d-d078427d3b95,investment.airforce,available,122.48,149.98,high,low,10,namecheap,,,08/10/2026 16:18
260ddf9e-397d-4e03-9c8e-65164a5486bc,loan.bingo,available,53.99,53.99,high,low,4,namesilo,,,25/09/2026 09:02
d4e6521c-eb93-4db1-bdda-51855f18ddbb,capital.cards,premium,414.2,414.2,high,medium,7,spaceship,,,06/10/2026 23:28
7f148442-1b9f-4699-acaa-d4c91a6055f9,capital.center,resell,,,high,medium,7,"NameSilo, LLC",27/06/2016 09:06,27/06/2027 09:06,06/10/2026 23:28
1c5d7cdc-caf6-405b-bda3-7efc6df4f9f1,funding.la,resell,,,high,low,7,,,,28/09/2026 14:11
3e85dbd2-a862-44a7-9d79-1266ee8e6de9,fund.dealer,premium,4278,2660,high,low,4,namesilo,,,28/09/2026 08:44
60795649-af70-4685-a368-ab2a5b17f73e,money.spot,premium,1100,1100,high,medium,5,dynadot,,,09/10/2026 03:14
b9e124cb-f028-49da-bb09-410329680929,fund.reviews,premium,118.8,118.8,high,low,4,namesilo,,,28/09/2026 08:44
11b2e315-d215-457b-9e5f-a4945daeea1b,financial.land,premium,99.5,118.8,high,low,9,unstoppable,,,06/10/2026 23:34
1b1cb725-8f9c-42c7-98f3-960518d25634,capital.show,resell,,,high,medium,7,"Chengdu West Dimension Digital Technology Co., Ltd.",16/05/2017 22:46,16/05/2027 22:46,06/10/2026 23:28
e725ca76-26d7-45d0-bce0-1ded74a06dcf,money.sh,resell,,,high,medium,5,Dynadot Inc,24/04/2026 15:15,24/04/2028 15:15,09/10/2026 03:14
3cda4bb6-6e95-4923-a1ce-2844147bca70,investment.car,available,1863.2,2064.2,high,low,10,spaceship,,,08/10/2026 16:18
02319b94-2cdc-434c-ad08-0156b201881b,loan.webcam,premium,640,77.35,high,low,4,namesilo,,,25/09/2026 09:02
5c161b03-ed2c-48c7-a9b2-cd1e899c9b5d,financial.gifts,premium,512,512,high,low,9,namesilo,,,06/10/2026 23:34
84696360-6f33-48ce-818c-b5c9ce7bb9d8,financial.soy,premium,81.97,81.97,high,low,9,spaceship,,,06/10/2026 23:34
d498504a-f211-4fa6-872d-9c58a5949a6f,financial.democrat,available,5.38,26.08,high,low,9,spaceship,,,06/10/2026 23:34
df08abad-2a4c-4d86-9cef-b12494e11a67,financial.at,resell,,,high,low,9,InterNetX GmbH ( https://nic.at/registrar/80 ),,,06/10/2026 23:34
a7440b94-961d-4e64-b48d-0b35c5687349,banking.ong,available,15.2,15.2,high,low,7,cloudflare,,,29/09/2026 01:02
90a3933a-847c-471b-9f55-cae062e06260,capital.sex,available,69.98,154.98,high,medium,7,namecheap,,,06/10/2026 23:28
5c1b3b06-8df1-47e6-b78a-0806a430d739,credit.florist,available,26.08,26.08,high,low,6,spaceship,,,29/09/2026 09:26
1a6aa898-0f99-41c4-90a7-ba729545ee90,money.mov,premium,1091.09,1091.09,high,medium,5,porkbun,,,09/10/2026 03:14
a3268e92-bf07-4c54-8afc-7fcb1d42e9ff,money.pet,resell,,,high,medium,5,"DNSPod, Inc.",08/03/2025 15:15,08/03/2027 15:15,09/10/2026 03:14
5175e6c4-217e-49c6-9083-7aab15594009,financing.condos,available,58.99,58.99,high,low,9,namesilo,,,29/09/2026 12:21
689892df-8922-40e4-bf40-f8061eab43b2,investment.gmbh,available,59.99,59.99,high,low,10,namesilo,,,08/10/2026 16:18
2f804aaf-cf27-4849-80c2-0285f8363bea,management.rodeo,available,12.99,12.99,high,low,10,namesilo,,,19/09/2026 14:24
7041e663-c11e-4546-8d9d-4b04f4275579,banking.associates,premium,68.51,68.51,high,low,7,spaceship,,,29/09/2026 01:02
2a081155-a50d-4f18-abda-be4cfc82cf49,capital.plumbing,premium,512,512,high,medium,7,namesilo,,,06/10/2026 23:28
133b90e9-9f5d-47d7-a888-c7eebf1b6948,financial.support,resell,,,high,low,9,"Go China Domains, LLC",23/03/2014 16:00,23/03/2027 16:00,06/10/2026 23:34
e490c6c4-6c1b-4868-a392-b2e355ed889d,funding.lgbt,premium,78.54,78.54,high,low,7,namesilo,,,28/09/2026 14:11
a6e4cf3e-4308-4c8d-a6fa-75395b7d4268,money.voyage,available,61.98,73.98,high,medium,5,namecheap,,,09/10/2026 03:14
ba85255d-252c-4223-ab34-ac6abd6de277,credit.finance,resell,,,high,low,6,"GoDaddy.com, LLC",05/09/2015 19:46,05/09/2027 19:46,29/09/2026 09:26
dffadce9-3929-4f05-bed4-793a7376e52c,loan.page,premium,1278.72,1278.72,high,low,4,namesilo,,,25/09/2026 09:02
0bd31097-01bc-4397-b2ff-857e25b02411,fund.church,resell,,,high,low,4,"GoDaddy.com, LLC",12/06/2024 07:56,12/06/2027 07:56,28/09/2026 08:44
80c3ceea-ac2d-4c47-b067-5ce3ea694a54,funding.ryukyu,available,17.98,22.98,high,low,7,namecheap,,,28/09/2026 14:11
2684845e-93d3-46c1-90aa-7b1ea9b09aba,investment.dad,premium,257.92,257.92,high,low,10,spaceship,,,08/10/2026 16:18
896759ee-1f3d-4283-a9ac-e5eb5743207d,fund.ryukyu,available,17.98,22.98,high,low,4,namecheap,,,28/09/2026 08:44
6ced495a-af93-47c9-bed4-29544da6f200,loan.llc,premium,2660,2660,high,low,4,namesilo,,,25/09/2026 09:02
78b4deb3-679f-4a11-af60-eaceccdbdc5d,financing.estate,available,15.99,38.99,high,low,9,namesilo,,,29/09/2026 12:21
beb9f342-a794-4a29-abb1-5a0e9f16f61a,capital.cab,resell,,,high,medium,7,"DNSPod, Inc.",09/05/2022 13:15,09/05/2027 13:15,06/10/2026 23:28
85154564-96cd-4de9-acbe-886d8a300f95,credit.airforce,available,103.99,103.99,high,low,6,namesilo,,,29/09/2026 09:26
e8a58ecf-b620-4d07-9f06-c7fcda48f0e2,banking.forex,premium,1035.2,1035.2,high,low,7,spaceship,,,29/09/2026 01:02
e874b3df-8d37-42f3-8cac-69357b998832,loan.zip,premium,1298.7,1298.7,high,low,4,namecheap,,,25/09/2026 09:02
54a40265-b5bf-441b-b2d4-6f48953eb8bb,financial.ong,premium,55.11,27.82,high,low,9,porkbun,,,06/10/2026 23:34
0c3bd00d-1b61-422e-90e1-8f6998c5680c,money.ventures,premium,512,512,high,medium,5,namesilo,,,09/10/2026 03:14
51784d48-1e5e-414e-82c8-2455e24ed983,financing.net,resell,,,high,low,9,"GoDaddy.com, LLC",19/04/1998 04:00,18/04/2033 04:00,29/09/2026 12:21
f14f2ca6-5382-4e38-bba3-f903946443eb,financing.immobilien,premium,102.67,102.67,high,low,9,spaceship,,,29/09/2026 12:21
31c09c6f-c39b-450c-878e-3e16b0ed427f,loan.mov,premium,1298.7,1298.7,high,low,4,namecheap,,,25/09/2026 09:02
2ddb99a5-53db-4ac1-bc4b-14f39646c130,management.exchange,premium,78.54,78.54,high,low,10,namesilo,,,19/09/2026 14:24
d8482df4-c5d8-4aa8-ac9b-c3c72cdf8624,capital.moi,available,25.99,25.99,high,medium,7,namesilo,,,06/10/2026 23:28
35f4cd31-c63a-493d-a1a3-7876f3bda462,loan.space,premium,13800,13800,high,low,4,namesilo,,,25/09/2026 09:02
59f9e0e0-38d0-4936-834f-dc0031e904e5,banking.actor,available,16.99,44.49,high,low,7,namesilo,,,29/09/2026 01:02
b179457c-489f-4f3b-8dca-68df4ded4842,capital.cleaning,premium,102.67,102.67,high,medium,7,spaceship,,,06/10/2026 23:28
303b516d-6cd2-42a8-bdc4-94261a32ce2e,financial.futbol,available,5.38,13.66,high,low,9,spaceship,,,06/10/2026 23:34
5eab95ea-d207-4ee9-a29a-429cf7d18fc3,banking.mov,premium,323.7,323.7,high,low,7,namecheap,,,29/09/2026 01:02
31d14a8f-4829-4ad7-a443-354dcc341e84,fund.gratis,available,18.83,18.83,high,low,4,spaceship,,,28/09/2026 08:44
3d91661c-1984-4875-ade1-bb5c3564a13e,loan.top,premium,710.66,710.66,high,low,4,namesilo,,,08/10/2026 05:22
1dfa077c-22c9-4119-a609-7b5053be6a97,capital.shopping,premium,440,440,high,medium,7,dynadot,,,06/10/2026 23:28
7dc3b647-c1e0-4665-a2ab-23b71faa83b2,credit.camp,premium,414.2,414.2,high,low,6,spaceship,,,29/09/2026 09:26
6c56b919-f4e5-4179-9997-a5d7244bf261,investment.marketing,premium,78.54,78.54,high,low,10,namesilo,,,08/10/2026 16:18
384fbf81-912e-4490-a923-6a44b9bf2c61,bank.money,resell,,,high,medium,4,1API GmbH,07/03/2015 18:39,07/03/2027 18:39,29/09/2026 01:00
46a85b18-ba24-4661-8950-5bbede18f983,credit.diamonds,available,54.99,54.99,high,low,6,namesilo,,,29/09/2026 09:26
ccdef9fc-d6cb-4f4e-be81-38a9eefee227,budget.finance,resell,,,high,low,6,"Spaceship, Inc.",06/04/2021 00:58,06/04/2027 00:58,29/09/2026 05:05
71b43347-28ba-4077-8cab-96fc4e69bfbf,funding.ltda,premium,52.92,31.09,high,low,7,porkbun,,,28/09/2026 14:11
d3a188cb-6280-4623-9dff-c3d1b7c39de5,banking.place,available,17.2,17.2,high,low,7,cloudflare,,,29/09/2026 01:02
6b7134ac-7595-4a7c-9500-7e5efebe4e99,funding.cloud,resell,,,high,low,7,,,,28/09/2026 14:11
a845558b-1dc8-4db7-9e08-55c4441fd040,banking.rent,available,17.99,59.99,high,low,7,namesilo,,,29/09/2026 01:02
b04ef4da-4565-4054-90ae-47a6832fd9cf,banking.industries,premium,118.8,118.8,high,low,7,namesilo,,,29/09/2026 01:02
c4341808-8a0f-43e0-96ee-2b98abe504cd,management.realty,available,179.99,349.99,high,low,10,name.com,,,19/09/2026 14:24
d4729cf5-8333-41c9-8676-34351b666000,loan.sydney,available,58,58,high,low,4,namesilo,,,25/09/2026 09:02
3f0e36c7-2de5-495a-8584-dabaf7611dac,financing.mba,available,17,,high,low,9,unstoppable,,,29/09/2026 12:21
d36edc25-e28c-4d3c-8804-2cd6eae47a21,management.cheap,available,5.98,49.98,high,low,10,namecheap,,,19/09/2026 14:24
83564d12-5291-4820-9fdb-e6db9972b081,financial.gift,available,14.99,14.99,high,low,9,namesilo,,,06/10/2026 23:34
6744b6a1-6fa9-4709-9ce1-6955174941ba,budget.financial,premium,242,242,high,low,6,namesilo,,,29/09/2026 05:05
dc6cd26a-7847-4c90-8cce-ca876f04dfa5,funding.vision,available,45.99,45.99,high,low,7,namesilo,,,28/09/2026 14:11
e0963786-b493-4c43-8ba9-619838d8d0e5,loan.click,resell,,,high,low,4,"Spaceship, Inc.",15/05/2025 17:22,15/05/2027 17:22,26/09/2026 07:17
8231c15c-242b-4b67-b1e4-f25fb634ea39,loan.sh,resell,,,high,low,4,"Sav.com, LLC",04/10/2021 14:31,04/10/2027 14:31,05/10/2026 06:11
caae1ce7-0fdd-4328-a402-b22b0ac46464,credit.flights,premium,128.7,128.7,high,low,6,namecheap,,,29/09/2026 09:26
261b2530-06ce-4379-a995-f17490b60c45,fund.kiwi,premium,932.33,932.33,high,low,4,dynadot,,,28/09/2026 08:44
8e2ef790-82f6-40be-87ac-145c3002cec3,banking.farm,available,4.34,31.25,high,low,7,spaceship,,,29/09/2026 01:02
35856ede-9f70-4507-b663-fcbf475e0f8c,money.hiv,available,191.75,191.75,high,medium,5,dynadot,,,09/10/2026 03:14
1548787a-0abf-4031-9462-8648013e94a9,financial.rip,resell,,,high,low,9,Dynadot Inc,08/02/2026 17:00,08/02/2027 17:00,06/10/2026 23:34
63488870-8610-4393-bb8b-f760af8e1c1b,investment.mba,available,10.92,35.53,high,low,10,dynadot,,,08/10/2026 16:18
efb8c4b2-b087-4031-95b2-e7915f54faa6,funding.foundation,premium,38.94,38.94,high,low,7,namesilo,,,28/09/2026 14:11
4c334bef-c75a-4cee-9aed-505f9e2dbb6e,credit.media,premium,34.36,68.51,high,low,6,spaceship,,,29/09/2026 09:26
6df0d14e-de39-486b-8dd3-6826d70aa7b9,financing.biz,resell,,,high,low,9,,,,29/09/2026 12:21
fb33b9be-62cf-4f5c-9856-5ae37322cadc,banking.life,resell,,,high,low,7,"GoDaddy.com, LLC",30/09/2014 13:20,30/09/2027 13:20,29/09/2026 01:02
0256468b-9561-4f23-bf22-654591c049fd,investment.catering,available,38.99,38.99,high,low,10,namesilo,,,08/10/2026 16:18
4cfb17f4-8a8a-4085-ae22-392a638ec705,funding.sexy,available,2998,3298,high,low,7,namecheap,,,28/09/2026 14:11
d09a8b29-9866-42bd-8e75-62ce859b2a62,banking.express,resell,,,high,low,7,Dynadot Inc,30/12/2025 18:52,30/12/2026 18:52,29/09/2026 01:02
c6c2a6e9-56fc-4a42-a809-a450769a0cc1,banking.army,available,18.99,39.99,high,low,7,namesilo,,,29/09/2026 01:02
b5eb72b1-5817-480d-8ada-6136e110aa18,banking.exposed,premium,23.6,23.6,high,low,7,namesilo,,,29/09/2026 01:02
bc3151e6-49fb-4eac-b68f-56b451c62d62,fund.vodka,available,26.08,26.08,high,low,4,spaceship,,,28/09/2026 08:44
34426546-a3f2-4a60-b28e-2b82f1edb274,financing.claims,available,17.99,64.99,high,low,9,namesilo,,,29/09/2026 12:21
edda1af9-72bd-4789-97d4-fd506ed4059a,banking.coach,premium,78.54,78.54,high,low,7,namesilo,,,29/09/2026 01:02
ad36eb70-b3a8-4671-858e-4d960c93db89,funding.parts,available,12.99,41.99,high,low,7,namesilo,,,28/09/2026 14:11
48b703f4-21bc-495d-ab21-05a7595ade5a,credit.dog,resell,,,high,low,6,Dynadot Inc,04/08/2026 17:00,04/08/2027 17:00,29/09/2026 09:26
fa7ff010-2fc1-4b79-b29e-c0b65949fe7b,financial.life,resell,,,high,low,9,"GoDaddy.com, LLC",30/09/2014 13:52,30/09/2027 13:52,06/10/2026 23:34
a919219e-96bc-419c-8b5c-0a9d77002c03,credit.me,premium,17016.25,16.43,high,low,6,spaceship,,,29/09/2026 09:26
ed7e1416-90ae-4f0e-9de2-25eac19dbdc9,banking.press,premium,2587.7,5175.2,high,low,7,spaceship,,,29/09/2026 01:02
3551dc4a-53eb-4a3f-baad-796b18344e92,funding.tennis,available,65.99,65.99,high,low,7,namesilo,,,28/09/2026 14:11
728c4e81-e698-483c-8499-f327de7dc9f4,funding.online,premium,1293.95,5175.2,high,low,7,spaceship,,,28/09/2026 14:11
88f643d7-d38e-4103-9003-0d7e0c366291,financial.gold,resell,,,high,low,9,"DNSPod, Inc.",23/05/2018 23:17,23/05/2027 23:17,06/10/2026 23:34
7e907d06-3c51-4930-b89c-c29b65fcfd5c,management.organic,available,17.99,85.99,high,low,10,namesilo,,,19/09/2026 14:24
20f5a6e9-5641-404d-9e40-3a983f9c8364,budget.loan,premium,13800,116,high,low,6,namesilo,,,29/09/2026 05:05
cab40d7d-3601-4ca3-ac49-52327422aa77,capital.cloud,premium,6900,6900,high,medium,7,namesilo,,,06/10/2026 23:28
deaa8fff-180a-477f-aebb-e7eb808d38db,investment.you,premium,258.95,258.95,high,low,10,spaceship,,,08/10/2026 16:18
337ca0ec-174c-4a24-99e1-40a6b1786163,investment.finance,premium,828.2,828.2,high,low,10,spaceship,,,08/10/2026 16:18
4fd25d40-b04c-4a34-9212-3ae299a6d14b,stock.free,premium,500.5,640,high,medium,5,unstoppable,,,08/10/2026 06:33
a5ced7bb-d1cb-4d68-a1c1-a242483b7f2b,financing.hockey,available,61,,high,low,9,unstoppable,,,29/09/2026 12:21
a6dca581-702b-4b6a-a0fc-15e16d977468,funding.blue,available,12.62,19.87,high,low,7,spaceship,,,28/09/2026 14:11
6d38730b-c71e-4502-8dfa-dba1dc29832a,loan.maison,available,57.99,57.99,high,low,4,namesilo,,,25/09/2026 09:02